# OTU	G75230	G75231	G75232	G63407	G75234	G63409	G75229	G75228	G63413	G75226	G63406	G63410	G63402	G63403	G75227	G75233	G51190	G75237	G75236	G63411	G75235	taxonomy
208901	0	0	0	2	0	0	0	0	0	2	0	4	0	0	0	0	0	0	0	0	0	k__Bacteria; p__Firmicutes; c__Clostridia; o__Clostridiales; f__Lachnospiraceae; g__Coprococcus; s__
309284	0	0	0	1	0	0	0	0	0	0	0	2	0	0	0	0	0	0	0	0	0	k__Bacteria; p__Firmicutes; c__Clostridia; o__Clostridiales; f__; g__; s__
207340	0	0	0	0	0	0	0	0	0	0	0	3	0	0	0	0	0	0	0	0	0	k__Bacteria; p__Firmicutes; c__Clostridia; o__Clostridiales; f__[Mogibacteriaceae]; g__; s__
168071	0	0	0	5	0	0	0	0	0	0	0	12	0	0	0	0	0	0	10	0	0	k__Bacteria; p__Firmicutes; c__Clostridia; o__Clostridiales; f__Lachnospiraceae; g__; s__
OTU502	0	0	0	0	8	0	0	0	0	0	0	0	7	0	0	0	0	0	0	0	0	Unclassified
2256425	0	0	0	5	0	0	0	0	0	0	0	1	0	0	0	0	0	0	0	0	0	k__Bacteria; p__Firmicutes; c__Clostridia; o__Clostridiales; f__Christensenellaceae; g__; s__
583117	349	12	342	381	253	2091	86	95	3101	22	196	158	3073	869	41	255	0	39	8	1165	154	k__Bacteria; p__Bacteroidetes; c__Bacteroidia; o__Bacteroidales; f__Bacteroidaceae; g__Bacteroides; s__
366584	0	0	0	0	0	0	0	0	0	0	0	0	0	0	0	0	0	0	224	0	0	k__Bacteria; p__Firmicutes; c__Clostridia; o__Clostridiales; f__; g__; s__
1132942	0	0	0	0	0	70	0	0	0	0	0	0	0	0	0	11	0	0	0	0	0	k__Bacteria; p__Firmicutes; c__Clostridia; o__Clostridiales; f__Ruminococcaceae; g__Butyricicoccus; s__pullicaecorum
325850	0	59	0	154	0	0	75	1616	0	0	0	20	0	0	0	0	0	648	0	1	0	k__Bacteria; p__Proteobacteria; c__Alphaproteobacteria; o__RF32; f__; g__; s__
359872	0	4	36	121	65	849	0	47	0	548	0	122	1034	352	16	11	801	351	30	444	120	k__Bacteria; p__Proteobacteria; c__Deltaproteobacteria; o__Desulfovibrionales; f__Desulfovibrionaceae; g__Bilophila; s__
199543	7	1	2	1	5	139	0	7	14	0	0	2	0	26	1	0	20	9	0	0	2	k__Bacteria; p__Firmicutes; c__Clostridia; o__Clostridiales; f__Ruminococcaceae; g__Ruminococcus; s__
1076969	0	0	0	0	0	0	0	0	2	0	0	0	0	0	0	0	0	0	0	0	0	k__Bacteria; p__Firmicutes; c__Bacilli; o__Lactobacillales; f__Streptococcaceae; g__Streptococcus; s__
975306	1386	294	130	526	75	921	573	297	38	1	2181	410	3	16	8	589	691	1113	255	61	132	k__Bacteria; p__Firmicutes; c__Clostridia; o__Clostridiales; f__Lachnospiraceae; g__; s__
585914	0	9	0	60	0	0	0	0	0	0	0	43	0	0	0	0	1	0	0	0	0	k__Bacteria; p__Bacteroidetes; c__Bacteroidia; o__Bacteroidales; f__Porphyromonadaceae; g__Parabacteroides; s__distasonis
503406	0	0	0	0	0	0	0	0	10	1	0	0	0	0	0	0	0	0	1	2	0	k__Bacteria; p__Firmicutes; c__Clostridia; o__Clostridiales; f__[Tissierellaceae]; g__Peptoniphilus; s__
1047041	0	0	0	0	0	0	0	0	0	0	10	0	0	0	0	0	0	0	0	0	0	k__Bacteria; p__Actinobacteria; c__Actinobacteria; o__Actinomycetales; f__Corynebacteriaceae; g__Corynebacterium; s__
OTU354	0	0	0	0	0	0	0	0	0	7	0	1	0	0	0	0	0	0	0	0	0	Unclassified
OTU631	0	0	0	0	0	0	0	0	0	0	0	0	55	35	0	0	0	0	0	0	0	Unclassified
352304	0	0	52	73	0	1010	0	29	0	0	392	13	1	0	0	524	480	55	111	2776	0	k__Bacteria; p__Firmicutes; c__Clostridia; o__Clostridiales; f__; g__; s__
332527	0	0	0	0	0	2	0	0	0	0	0	0	0	0	0	0	0	0	51	0	0	k__Bacteria; p__Bacteroidetes; c__Bacteroidia; o__Bacteroidales; f__; g__; s__
OTU415	0	0	0	3	0	0	0	0	0	0	0	5	0	0	0	0	0	0	0	0	0	Unclassified
851668	0	0	0	0	0	0	0	0	0	0	0	0	2	0	0	0	0	0	6	0	0	k__Bacteria; p__Bacteroidetes; c__Bacteroidia; o__Bacteroidales; f__Prevotellaceae; g__Prevotella; s__
OTU643	0	0	0	0	0	2	0	0	0	0	0	0	0	0	0	0	0	0	0	0	0	Unclassified
298247	0	0	0	0	0	2	0	0	0	0	4	0	0	0	0	0	0	0	0	0	0	k__Bacteria; p__Firmicutes; c__Clostridia; o__Clostridiales; f__Lachnospiraceae; g__Epulopiscium; s__
62513	0	0	0	0	0	0	0	0	0	0	133	0	0	0	0	0	0	0	0	124	0	k__Bacteria; p__Firmicutes; c__Clostridia; o__Clostridiales; f__Lachnospiraceae; g__Moryella; s__indoligenes
844589	0	0	0	0	0	0	0	0	0	0	0	0	0	0	0	0	0	0	0	4	0	k__Bacteria; p__Bacteroidetes; c__Bacteroidia; o__Bacteroidales; f__S24-7; g__; s__
752763	0	0	0	273	0	0	0	0	0	0	0	50	0	0	0	0	0	0	0	0	0	k__Bacteria; p__Lentisphaerae; c__[Lentisphaeria]; o__Victivallales; f__Victivallaceae; g__; s__
548032	9	0	0	15	9	0	0	15	6	4	1	24	0	59	0	0	217	24	0	0	0	k__Bacteria; p__Firmicutes; c__Clostridia; o__Clostridiales; f__Ruminococcaceae; g__Oscillospira; s__
314204	0	4	0	17	0	0	2	0	0	0	0	57	0	0	0	0	0	0	0	0	0	k__Bacteria; p__Firmicutes; c__Clostridia; o__Clostridiales; f__Clostridiaceae; g__; s__
850905	0	0	0	0	0	0	0	0	0	0	0	0	0	0	0	0	0	0	12	0	0	k__Bacteria; p__Bacteroidetes; c__Bacteroidia; o__Bacteroidales; f__[Barnesiellaceae]; g__; s__
OTU630	0	0	0	0	0	0	0	0	0	0	0	0	2	0	0	0	0	0	0	0	0	Unclassified
514773	0	34	0	134	0	1	35	0	0	0	0	173	0	0	0	0	0	0	113	0	0	k__Bacteria; p__Firmicutes; c__Erysipelotrichi; o__Erysipelotrichales; f__Erysipelotrichaceae; g__[Eubacterium]; s__biforme
535549	0	0	0	0	0	82	0	0	0	0	0	0	0	0	4	88	0	0	42	0	33	k__Bacteria; p__Bacteroidetes; c__Bacteroidia; o__Bacteroidales; f__[Odoribacteraceae]; g__Butyricimonas; s__
1885089	0	0	0	5	0	0	0	0	0	2	0	10	0	0	0	0	0	0	0	0	0	k__Bacteria; p__Firmicutes; c__Clostridia; o__Clostridiales; f__Ruminococcaceae; g__; s__
36792	0	0	0	0	0	0	0	0	1	3	0	0	0	0	0	0	0	0	0	2	0	k__Bacteria; p__Firmicutes; c__Clostridia; o__Clostridiales; f__[Mogibacteriaceae]; g__; s__
188348	11	1	88	124	0	0	0	0	0	0	0	114	0	0	0	79	122	0	0	0	0	k__Bacteria; p__Firmicutes; c__Clostridia; o__Clostridiales; f__Ruminococcaceae; g__; s__
358104	0	0	44	45	434	456	0	0	27	0	1687	14	254	351	205	15	468	0	23	151	319	k__Bacteria; p__Firmicutes; c__Clostridia; o__Clostridiales; f__Lachnospiraceae; g__; s__
539581	0	0	8	0	9	28	0	2	0	7	29	0	0	45	0	7	0	32	0	0	3	k__Bacteria; p__Firmicutes; c__Erysipelotrichi; o__Erysipelotrichales; f__Erysipelotrichaceae; g__[Eubacterium]; s__dolichum
319455	0	0	0	1	0	0	0	0	0	4	0	3	0	0	0	0	1	0	0	0	0	k__Bacteria; p__Firmicutes; c__Clostridia; o__Clostridiales; f__Christensenellaceae; g__; s__
OTU454	0	0	0	3	0	0	0	0	0	0	0	2	0	0	0	0	0	0	0	0	0	Unclassified
584484	0	0	0	0	1	10	0	0	0	0	0	0	0	0	0	0	0	0	3445	0	0	k__Bacteria; p__Bacteroidetes; c__Bacteroidia; o__Bacteroidales; f__[Paraprevotellaceae]; g__[Prevotella]; s__
361398	0	0	0	109	0	0	0	0	0	0	0	124	0	0	0	0	0	0	4	1	0	k__Bacteria; p__Firmicutes; c__Clostridia; o__Clostridiales; f__Ruminococcaceae; g__; s__
217109	0	0	0	7	0	0	0	0	0	0	0	4	0	0	0	0	12	0	0	0	0	k__Bacteria; p__Firmicutes; c__Clostridia; o__Clostridiales; f__Christensenellaceae; g__; s__
287863	418	0	323	4	70	17	0	0	3723	459	32803	5	3081	825	239	0	2926	1	1019	857	122	k__Bacteria; p__Firmicutes; c__Clostridia; o__Clostridiales; f__Veillonellaceae; g__Dialister; s__
OTU327	4	0	2	0	0	0	0	0	6	1	11	0	9	2	1	0	9	1	2	0	0	Unclassified
4362337	0	0	0	8	8	0	0	1	0	1	24	3	0	14	0	0	0	8	0	0	0	k__Bacteria; p__Firmicutes; c__Clostridia; o__Clostridiales; f__Lachnospiraceae; g__; s__
306885	0	767	0	15950	0	0	1	1	1	0	1	14182	1	0	0	0	0	0	0	0	1	k__Bacteria; p__Bacteroidetes; c__Bacteroidia; o__Bacteroidales; f__; g__; s__
3270612	0	0	0	0	0	0	0	0	0	0	0	0	0	0	0	0	0	11	0	0	0	k__Bacteria; p__Firmicutes; c__Clostridia; o__Clostridiales; f__Ruminococcaceae; g__; s__
OTU406	0	0	0	2	0	0	0	0	0	0	0	5	0	0	0	0	0	0	0	0	0	Unclassified
191908	0	0	0	0	0	0	0	0	0	0	0	1	1772	0	0	0	0	0	0	0	0	k__Bacteria; p__Firmicutes; c__Clostridia; o__Clostridiales; f__Ruminococcaceae; g__; s__
360761	0	0	0	0	0	0	0	0	0	14	0	0	0	0	0	0	0	0	0	0	0	k__Bacteria; p__Firmicutes; c__Clostridia; o__Clostridiales; f__Ruminococcaceae; g__; s__
587933	0	0	0	0	0	3	0	0	0	0	4	0	0	0	0	0	0	0	0	0	0	k__Bacteria; p__Firmicutes; c__Erysipelotrichi; o__Erysipelotrichales; f__Erysipelotrichaceae; g__Coprobacillus; s__
562825	0	0	5	6	0	0	0	0	0	0	14	0	0	0	0	0	0	0	0	13	0	k__Bacteria; p__Proteobacteria; c__Gammaproteobacteria; o__Pasteurellales; f__Pasteurellaceae; g__; s__
997439	89	72	26	140	37	379	26	1	1752	4	479	182	29	52	6	2	301	49	237	128	41	k__Bacteria; p__Actinobacteria; c__Actinobacteria; o__Bifidobacteriales; f__Bifidobacteriaceae; g__Bifidobacterium; s__
591635	5	1	2	5	3	0	6	6	1	2	2	0	19	1	0	0	89	13	0	66	1	k__Bacteria; p__Firmicutes; c__Clostridia; o__Clostridiales; f__Ruminococcaceae; g__Ruminococcus; s__
768553	45	0	0	0	0	0	0	0	0	0	0	0	0	0	0	0	0	0	0	350	0	k__Bacteria; p__Proteobacteria; c__Gammaproteobacteria; o__Enterobacteriales; f__Enterobacteriaceae; g__Proteus; s__
OTU544	0	0	0	0	0	0	0	0	0	0	0	0	0	0	0	0	0	0	8	0	0	Unclassified
OTU592	0	0	0	0	0	2	0	0	0	0	0	0	13	2	0	0	0	0	0	0	0	Unclassified
OTU621	0	0	0	0	0	0	0	0	0	0	0	0	0	0	0	0	0	3	0	0	0	Unclassified
4435655	0	0	1	21	4718	0	0	0	1	8	0	0	0	4779	0	0	0	0	0	0	0	k__Bacteria; p__Proteobacteria; c__Alphaproteobacteria; o__RF32; f__; g__; s__
197274	0	0	0	1568	0	1	0	0	0	0	0	597	13	0	0	0	0	0	54	0	0	k__Bacteria; p__Firmicutes; c__Clostridia; o__Clostridiales; f__; g__; s__
3409355	5	0	0	0	0	0	0	0	0	0	0	0	0	0	0	0	0	0	0	0	0	k__Bacteria; p__Firmicutes; c__Clostridia; o__Clostridiales; f__; g__; s__
518743	1	0	4	122	0	9	0	0	8	0	102	22	0	1	0	0	0	0	3	591	0	k__Bacteria; p__Firmicutes; c__Clostridia; o__Clostridiales; f__Veillonellaceae; g__Veillonella; s__parvula
349809	379	315	0	0	596	0	179	0	0	67	0	0	109	308	0	0	0	0	0	1	0	k__Bacteria; p__Bacteroidetes; c__Bacteroidia; o__Bacteroidales; f__Bacteroidaceae; g__Bacteroides; s__
524725	0	0	0	1	0	2	0	0	7	0	3	0	0	0	0	0	0	2	0	1	0	k__Bacteria; p__Actinobacteria; c__Coriobacteriia; o__Coriobacteriales; f__Coriobacteriaceae; g__Atopobium; s__
188966	0	0	0	0	0	0	0	0	0	2	0	1	0	2	0	0	0	0	0	0	0	k__Bacteria; p__Actinobacteria; c__Coriobacteriia; o__Coriobacteriales; f__Coriobacteriaceae; g__; s__
OTU277	0	0	0	0	0	0	0	0	0	0	0	0	0	0	0	0	41	0	0	0	0	Unclassified
585480	0	3	14	177	0	5	26	0	6	1	0	94	1137	0	7	10	51	0	10	0	15	k__Bacteria; p__Firmicutes; c__Clostridia; o__Clostridiales; f__Lachnospiraceae; g__Anaerostipes; s__
544859	0	6	4	21	0	0	6	6	0	0	0	17	0	0	0	11	27	33	10	0	0	k__Bacteria; p__Firmicutes; c__Clostridia; o__Clostridiales; f__Ruminococcaceae; g__; s__
368950	25	2	0	28	0	21	9	0	38	19	0	96	15	0	2	0	54	0	167	1	11	k__Bacteria; p__Firmicutes; c__Clostridia; o__Clostridiales; f__Lachnospiraceae; g__Blautia; s__
319260	0	0	0	0	0	0	0	0	0	8	0	0	0	0	0	0	0	1	0	0	0	k__Bacteria; p__Firmicutes; c__Clostridia; o__Clostridiales; f__[Mogibacteriaceae]; g__; s__
369555	0	0	0	0	0	0	1	0	2	0	0	0	0	0	0	0	11	0	0	0	0	k__Bacteria; p__Firmicutes; c__Clostridia; o__Clostridiales; f__Ruminococcaceae; g__Ruminococcus; s__
OTU791	0	0	0	0	0	0	0	0	0	3	0	0	0	0	0	0	0	0	0	0	0	Unclassified
294791	0	0	0	0	0	0	0	0	0	0	0	0	0	0	0	0	0	0	4	0	0	k__Bacteria; p__Firmicutes; c__Clostridia; o__Clostridiales; f__Lachnospiraceae; g__Coprococcus; s__
208539	1	0	0	0	0	0	0	0	0	1	42	2	1	2	0	0	12	0	4	3	0	k__Bacteria; p__Firmicutes; c__Clostridia; o__Clostridiales; f__[Mogibacteriaceae]; g__; s__
513685	0	0	1	0	0	0	0	0	1	0	0	4	0	0	0	0	0	0	0	0	0	k__Bacteria; p__Firmicutes; c__Clostridia; o__Clostridiales; f__Ruminococcaceae; g__; s__
OTU620	0	0	0	0	0	0	0	0	0	0	2	0	0	0	0	0	0	0	0	0	0	Unclassified
535901	0	0	0	0	0	0	0	0	0	0	596	0	0	61	141	0	0	0	1	4449	48	k__Bacteria; p__Firmicutes; c__Clostridia; o__Clostridiales; f__Veillonellaceae; g__Dialister; s__
OTU614	0	0	0	0	0	0	0	0	0	0	0	0	0	0	0	0	0	0	3	0	0	Unclassified
210890	0	0	0	0	0	0	0	0	13	3	0	2	0	0	0	0	0	0	0	0	0	k__Bacteria; p__Firmicutes; c__Clostridia; o__Clostridiales; f__Ruminococcaceae; g__; s__
269386	0	0	0	0	0	0	0	0	0	0	3	0	0	0	0	0	0	0	0	1	0	k__Bacteria; p__Cyanobacteria; c__4C0d-2; o__YS2; f__; g__; s__
OTU291	0	1	0	0	0	1	0	3	0	0	0	0	0	0	0	0	0	7	0	0	0	Unclassified
843569	0	0	0	0	0	0	0	0	0	0	0	0	0	0	0	0	0	0	22	0	0	k__Bacteria; p__Firmicutes; c__Clostridia; o__Clostridiales; f__Peptococcaceae; g__; s__
657390	0	0	0	0	0	0	0	0	0	0	0	0	46	0	0	0	1	0	0	0	0	k__Bacteria; p__Firmicutes; c__Clostridia; o__Clostridiales; f__Veillonellaceae; g__Megasphaera; s__
258099	0	0	0	6	2	0	0	0	0	1	1	1	0	1	0	0	0	0	0	0	0	k__Bacteria; p__Firmicutes; c__Clostridia; o__Clostridiales; f__Ruminococcaceae; g__; s__
175619	0	0	0	0	0	0	0	0	4	2	0	0	0	0	0	0	0	1	0	0	0	k__Bacteria; p__Firmicutes; c__Clostridia; o__Clostridiales; f__Ruminococcaceae; g__Ruminococcus; s__
4454586	0	29	46	1067	63	94	13	82	320	106	0	427	327	51	3	73	0	27	25	0	37	k__Bacteria; p__Bacteroidetes; c__Bacteroidia; o__Bacteroidales; f__[Odoribacteraceae]; g__Odoribacter; s__
174885	3	0	0	0	0	0	0	0	0	0	0	0	0	0	0	0	0	0	0	0	0	k__Bacteria; p__Firmicutes; c__Clostridia; o__Clostridiales; f__Ruminococcaceae; g__; s__
OTU805	0	0	0	0	0	0	0	0	0	0	0	0	0	3	0	0	0	0	0	0	0	Unclassified
180121	0	0	0	0	0	0	0	1	0	0	0	0	0	0	0	0	0	5	0	0	0	k__Bacteria; p__Firmicutes; c__Clostridia; o__Clostridiales; f__Ruminococcaceae; g__; s__
OTU617	3	0	0	0	0	0	0	0	0	0	0	0	0	0	0	0	0	0	0	0	0	Unclassified
287508	0	0	0	0	0	0	0	0	0	0	0	0	0	0	0	0	0	0	4	0	0	k__Bacteria; p__Actinobacteria; c__Coriobacteriia; o__Coriobacteriales; f__Coriobacteriaceae; g__Slackia; s__
4419621	0	0	0	0	0	0	0	0	1	0	0	0	2	0	0	0	0	0	0	0	0	k__Bacteria; p__Proteobacteria; c__Betaproteobacteria; o__Burkholderiales; f__Alcaligenaceae; g__Sutterella; s__
361375	0	0	0	0	0	2	0	0	0	0	0	0	0	0	0	1	6	0	0	0	0	k__Bacteria; p__Firmicutes; c__Clostridia; o__Clostridiales; f__Lachnospiraceae; g__; s__
4326869	0	0	0	0	1	0	0	0	0	1	1	1	0	2	0	0	0	1	0	0	0	k__Bacteria; p__Firmicutes; c__Clostridia; o__Clostridiales; f__Ruminococcaceae; g__Ruminococcus; s__
4449244	0	0	0	0	0	0	0	1	0	0	0	0	0	0	0	0	0	5	0	0	0	k__Bacteria; p__Fusobacteria; c__Fusobacteriia; o__Fusobacteriales; f__Fusobacteriaceae; g__Fusobacterium; s__
509416	70	38	23	4	34	370	40	14	38	1	1000	53	67	22	0	77	428	580	128	320	76	k__Bacteria; p__Firmicutes; c__Clostridia; o__Clostridiales; f__; g__; s__
865469	11	152	49	215	2	126	30	1	5	0	1596	12	1	0	0	0	0	0	29	613	3	k__Bacteria; p__Proteobacteria; c__Gammaproteobacteria; o__Pasteurellales; f__Pasteurellaceae; g__Haemophilus; s__parainfluenzae
354461	0	0	0	0	0	0	0	0	0	0	4	0	0	0	0	0	0	0	1	0	0	k__Bacteria; p__Firmicutes; c__Clostridia; o__Clostridiales; f__Ruminococcaceae; g__; s__
542096	0	1	6	3	16	45	0	13	19	9	44	3	1	55	0	5	20	21	0	7	0	k__Bacteria; p__Firmicutes; c__Clostridia; o__Clostridiales; f__Lachnospiraceae; g__; s__
357471	0	2	4	807	0	0	5	0	0	0	0	34	0	0	0	16	0	0	6	0	0	k__Bacteria; p__Firmicutes; c__Clostridia; o__Clostridiales; f__; g__; s__
177930	0	0	0	0	0	0	0	0	0	0	0	0	0	0	0	0	5	3	0	0	0	k__Bacteria; p__Firmicutes; c__Clostridia; o__Clostridiales; f__Lachnospiraceae; g__; s__
369429	0	4	0	46	0	1269	0	0	0	0	0	62	8	0	0	5	58	0	29	0	47	k__Bacteria; p__Firmicutes; c__Clostridia; o__Clostridiales; f__; g__; s__
593672	2	0	1	1	0	7	0	0	42	0	6	2	6	0	0	0	1	3	0	6	0	k__Bacteria; p__Firmicutes; c__Bacilli; o__Lactobacillales; f__; g__; s__
OTU732	0	0	0	0	0	33	0	0	0	0	0	0	0	0	0	4	0	0	0	0	3	Unclassified
193894	0	0	0	0	0	0	0	0	0	51	0	0	0	0	0	0	0	0	0	0	0	k__Bacteria; p__Firmicutes; c__Clostridia; o__Clostridiales; f__Clostridiaceae; g__Clostridium; s__
214036	0	0	0	0	2	0	0	2	3	20	41	0	0	3	0	13	0	6	0	0	0	k__Bacteria; p__Firmicutes; c__Clostridia; o__Clostridiales; f__[Mogibacteriaceae]; g__; s__
4457064	0	0	0	0	2	0	0	0	0	0	0	0	0	1	0	0	0	0	0	0	0	k__Bacteria; p__Bacteroidetes; c__Bacteroidia; o__Bacteroidales; f__Rikenellaceae; g__; s__
OTU706	0	0	0	3	0	0	0	0	0	0	0	2	0	0	0	0	0	0	0	0	0	Unclassified
517548	0	0	0	0	0	0	0	0	10	0	0	0	0	0	0	0	0	0	1	11	0	k__Bacteria; p__Proteobacteria; c__Gammaproteobacteria; o__Pasteurellales; f__Pasteurellaceae; g__Haemophilus; s__
2438396	0	0	0	0	0	0	0	0	992	1379	0	0	0	0	0	0	0	0	2	0	0	k__Bacteria; p__Fusobacteria; c__Fusobacteriia; o__Fusobacteriales; f__Fusobacteriaceae; g__Fusobacterium; s__
358483	0	0	0	1	0	0	0	0	0	0	0	3	0	0	0	0	0	0	1	0	0	k__Bacteria; p__Firmicutes; c__Clostridia; o__Clostridiales; f__Lachnospiraceae; g__; s__
4331760	0	0	0	0	0	0	0	0	0	0	1	0	0	0	0	0	0	0	0	0	1	k__Bacteria; p__Bacteroidetes; c__Bacteroidia; o__Bacteroidales; f__Rikenellaceae; g__Alistipes; s__indistinctus
591785	0	0	0	0	0	0	0	0	5	0	0	0	0	0	0	0	0	0	0	0	0	k__Bacteria; p__Bacteroidetes; c__Bacteroidia; o__Bacteroidales; f__Prevotellaceae; g__Prevotella; s__stercorea
535601	3	0	4	3	15	1	0	17	69	82	220	4	2	35	0	2	39	20	0	1379	1	k__Bacteria; p__Firmicutes; c__Clostridia; o__Clostridiales; f__Lachnospiraceae; g__; s__
329688	2	0	0	0	0	0	0	0	0	0	0	0	0	0	0	0	67	0	0	0	0	k__Bacteria; p__Actinobacteria; c__Coriobacteriia; o__Coriobacteriales; f__Coriobacteriaceae; g__Collinsella; s__stercoris
1111294	34	0	1	8082	43	832	6	0	4191	1236	3208	17790	1381	619	2	0	8	1	43	11238	5	k__Bacteria; p__Proteobacteria; c__Gammaproteobacteria; o__Enterobacteriales; f__Enterobacteriaceae; g__; s__
4301298	0	52	0	143	55	766	17	0	26	668	3	111	1084	914	5	58	0	0	0	5	28	k__Bacteria; p__Bacteroidetes; c__Bacteroidia; o__Bacteroidales; f__Bacteroidaceae; g__Bacteroides; s__
968954	0	0	114	75	2	10	0	1	5	1	51	17	1	1	0	0	0	9	21	9	0	k__Bacteria; p__Firmicutes; c__Bacilli; o__Lactobacillales; f__Streptococcaceae; g__Streptococcus; s__
368099	0	0	0	0	0	0	0	0	0	0	1	0	1	0	0	0	0	0	0	2	0	k__Bacteria; p__Firmicutes; c__Clostridia; o__Clostridiales; f__Veillonellaceae; g__Veillonella; s__
362539	17	2	3	4	12	68	1	5	45	11	95	5	39	32	6	2	53	42	0	12	8	k__Bacteria; p__Firmicutes; c__Clostridia; o__Clostridiales; f__Lachnospiraceae; g__; s__
OTU26	0	48	0	3098	0	0	0	0	23	0	0	2873	0	0	0	0	0	0	0	3	0	Unclassified
577406	0	0	0	0	0	72	4	2	36	11	0	0	1	1	0	9	23	18	0	0	1	k__Bacteria; p__Firmicutes; c__Clostridia; o__Clostridiales; f__Lachnospiraceae; g__Dorea; s__
358944	0	5	20	15	0	36	4	10	44	15	24	13	0	0	12	22	91	23	0	1	27	k__Bacteria; p__Firmicutes; c__Clostridia; o__Clostridiales; f__; g__; s__
19611	0	0	0	0	0	0	0	0	0	0	0	0	0	0	0	0	0	0	5	0	0	k__Bacteria; p__Firmicutes; c__Clostridia; o__Clostridiales; f__Ruminococcaceae; g__; s__
184833	0	0	0	48	0	16	1	0	0	0	0	145	9	0	0	0	1	0	113	0	0	k__Bacteria; p__Firmicutes; c__Clostridia; o__Clostridiales; f__Lachnospiraceae; g__; s__
198928	74	1	4	12	0	73	1	0	0	5	532	17	0	2	0	47	11	1	0	7	0	k__Bacteria; p__Firmicutes; c__Clostridia; o__Clostridiales; f__Lachnospiraceae; g__[Ruminococcus]; s__
359809	1	67	332	99	1197	36	63	0	4	700	1	50	165	3421	355	94	4853	0	3	6	1292	k__Bacteria; p__Proteobacteria; c__Betaproteobacteria; o__Burkholderiales; f__Alcaligenaceae; g__Sutterella; s__
232900	0	0	0	1	0	0	0	0	0	11	0	0	8	0	0	0	0	0	0	0	0	k__Bacteria; p__Actinobacteria; c__Coriobacteriia; o__Coriobacteriales; f__Coriobacteriaceae; g__; s__
540862	0	1	2	23	2	14	0	1	2	0	4	41	8	1	2	7	26	4	0	12	5	k__Bacteria; p__Firmicutes; c__Clostridia; o__Clostridiales; f__Ruminococcaceae; g__; s__
OTU711	0	0	0	0	0	0	0	0	0	0	0	2	0	0	0	0	0	0	0	0	0	Unclassified
4352875	0	0	0	30	0	0	0	0	0	29	0	24	0	0	0	0	0	0	0	0	0	k__Bacteria; p__Firmicutes; c__Clostridia; o__Clostridiales; f__Ruminococcaceae; g__Oscillospira; s__
348009	0	0	80	0	0	8	0	0	0	0	0	0	0	0	0	40	0	0	11	0	0	k__Bacteria; p__Firmicutes; c__Clostridia; o__Clostridiales; f__Ruminococcaceae; g__Oscillospira; s__
367213	0	9	1	129	0	81	15	0	0	0	2135	323	401	0	9	0	76	0	262	1	53	k__Bacteria; p__Firmicutes; c__Clostridia; o__Clostridiales; f__Ruminococcaceae; g__; s__
195508	0	0	0	0	0	1	0	0	0	0	0	0	12	0	0	0	0	0	0	0	0	k__Bacteria; p__Bacteroidetes; c__Bacteroidia; o__Bacteroidales; f__Bacteroidaceae; g__Bacteroides; s__caccae
198783	0	0	0	10	1	30	0	0	0	0	47	2	0	0	0	0	0	0	5	95	0	k__Bacteria; p__Firmicutes; c__Clostridia; o__Clostridiales; f__Lachnospiraceae; g__; s__
297111	0	0	0	3	0	0	0	0	1	3	0	1	0	0	0	0	0	0	0	0	0	k__Bacteria; p__Firmicutes; c__Clostridia; o__Clostridiales; f__Ruminococcaceae; g__Oscillospira; s__
568118	0	0	0	0	0	0	0	0	0	0	0	0	45	0	0	0	0	0	163	0	0	k__Bacteria; p__Bacteroidetes; c__Bacteroidia; o__Bacteroidales; f__Prevotellaceae; g__Prevotella; s__copri
336830	0	7	11	0	0	26	29	0	0	0	100	0	0	0	0	96	0	0	62	1	0	k__Bacteria; p__Firmicutes; c__Clostridia; o__Clostridiales; f__Lachnospiraceae; g__; s__
311587	0	0	0	0	0	0	0	0	0	1	0	2	0	2	0	0	0	5	0	0	0	k__Bacteria; p__Firmicutes; c__Clostridia; o__Clostridiales; f__; g__; s__
631764	0	0	0	2	3	0	7	0	0	4	0	3	0	2	0	0	0	22	0	0	0	k__Bacteria; p__Actinobacteria; c__Coriobacteriia; o__Coriobacteriales; f__Coriobacteriaceae; g__Adlercreutzia; s__
585227	14	12	27	27	52	346	5	32	207	29	3	56	0	43	0	18	714	132	4	1	6	k__Bacteria; p__Firmicutes; c__Clostridia; o__Clostridiales; f__Ruminococcaceae; g__Oscillospira; s__
363507	13	10	0	0	0	329	2	1	0	0	0	0	0	0	0	0	2	6	0	0	0	k__Bacteria; p__Firmicutes; c__Clostridia; o__Clostridiales; f__Lachnospiraceae; g__Blautia; s__producta
1074210	0	0	0	0	1	1	0	0	0	0	0	0	0	0	0	0	0	0	0	172	0	k__Bacteria; p__Firmicutes; c__Bacilli; o__Gemellales; f__Gemellaceae; g__; s__
364179	0	0	0	1	286	595	0	61	4	111	0	3	43	202	0	20	0	42	0	9	10	k__Bacteria; p__Bacteroidetes; c__Bacteroidia; o__Bacteroidales; f__Bacteroidaceae; g__Bacteroides; s__
696563	5	0	32	0	2	116	2	2	64	2	30	1	0	2	0	68	0	74	18	35	0	k__Bacteria; p__Firmicutes; c__Clostridia; o__Clostridiales; f__Lachnospiraceae; g__Blautia; s__producta
844006	0	2	0	3	0	7	0	0	0	0	0	15	0	0	0	0	0	0	0	0	0	k__Bacteria; p__Firmicutes; c__Clostridia; o__Clostridiales; f__Ruminococcaceae; g__; s__
359750	0	0	0	0	0	0	0	0	0	0	1	0	0	0	0	0	0	0	0	1224	0	k__Bacteria; p__Firmicutes; c__Clostridia; o__Clostridiales; f__Clostridiaceae; g__; s__
208790	0	0	0	0	0	0	0	0	0	0	0	0	1	0	0	0	51	0	0	0	0	k__Bacteria; p__Firmicutes; c__Clostridia; o__Clostridiales; f__Lachnospiraceae; g__; s__
OTU799	0	0	0	0	0	0	0	0	0	2	0	0	0	0	0	0	0	0	0	0	0	Unclassified
365385	0	0	0	26	0	5	0	0	235	0	1	57	5	1	0	0	1	0	0	3	1	k__Bacteria; p__Actinobacteria; c__Actinobacteria; o__Bifidobacteriales; f__Bifidobacteriaceae; g__Bifidobacterium; s__bifidum
523542	0	0	0	1	146	0	0	6	155	34	0	0	0	23	6	0	0	429	23	0	15	k__Bacteria; p__Firmicutes; c__Clostridia; o__Clostridiales; f__Lachnospiraceae; g__Dorea; s__
581079	100	12	72	111	61	248	15	49	278	20	79	36	99	228	4	82	472	130	2	331	26	k__Bacteria; p__Firmicutes; c__Clostridia; o__Clostridiales; f__Ruminococcaceae; g__Oscillospira; s__
587041	3	1	246	0	0	113	0	45	0	0	104	6	0	0	0	209	1073	47	0	0	2	k__Bacteria; p__Firmicutes; c__Clostridia; o__Clostridiales; f__; g__; s__
134265	0	0	0	0	0	0	0	0	233	4	0	0	0	0	0	0	0	0	0	10	0	k__Bacteria; p__Bacteroidetes; c__Bacteroidia; o__Bacteroidales; f__Prevotellaceae; g__Prevotella; s__
OTU773	1	0	0	0	0	0	0	0	0	0	0	0	0	0	0	1	0	0	3	0	0	Unclassified
145856	0	0	0	0	0	0	0	0	0	5	0	0	0	0	0	0	0	0	0	0	0	k__Bacteria; p__Firmicutes; c__Clostridia; o__Clostridiales; f__[Mogibacteriaceae]; g__; s__
298163	0	3	4	15	94	18	0	5	8	20	3	42	0	103	0	10	0	23	0	0	0	k__Bacteria; p__Firmicutes; c__Clostridia; o__Clostridiales; f__Ruminococcaceae; g__Oscillospira; s__
505587	0	0	0	0	0	0	0	0	0	12	0	0	0	0	0	0	0	0	0	4	0	k__Bacteria; p__Firmicutes; c__Clostridia; o__Clostridiales; f__[Tissierellaceae]; g__Finegoldia; s__
195222	0	0	0	0	0	0	0	0	0	0	0	0	0	0	0	0	86	0	0	0	0	k__Bacteria; p__Firmicutes; c__Clostridia; o__Clostridiales; f__Ruminococcaceae; g__; s__
189843	1	0	0	0	0	12	0	7	0	0	0	0	0	0	0	0	0	14	0	2	0	k__Bacteria; p__Firmicutes; c__Clostridia; o__Clostridiales; f__; g__; s__
367215	11	6	0	13	0	20	2	0	0	6	0	16	13	0	0	13	50	30	2	0	2	k__Bacteria; p__Firmicutes; c__Erysipelotrichi; o__Erysipelotrichales; f__Erysipelotrichaceae; g__Holdemania; s__
349680	0	0	0	29	0	0	0	0	0	0	1	94	0	0	0	0	0	0	6	0	0	k__Bacteria; p__Firmicutes; c__Clostridia; o__Clostridiales; f__Ruminococcaceae; g__; s__
2195	0	0	0	0	0	0	0	0	0	781	0	0	0	0	0	0	0	0	0	0	0	k__Bacteria; p__Bacteroidetes; c__Bacteroidia; o__Bacteroidales; f__Prevotellaceae; g__Prevotella; s__nigrescens
198866	0	175	73	761	266	5699	85	950	6	73	0	497	59	35	108	53	0	1872	116	8	459	k__Bacteria; p__Bacteroidetes; c__Bacteroidia; o__Bacteroidales; f__Porphyromonadaceae; g__Parabacteroides; s__
4444095	0	0	0	0	0	0	0	0	0	0	0	0	0	0	0	0	6	0	0	0	0	k__Bacteria; p__Firmicutes; c__Clostridia; o__Clostridiales; f__Lachnospiraceae; g__; s__
659361	32	0	16	0	0	48	1	3	2	0	17	0	0	0	0	24	4	76	0	38	1	k__Bacteria; p__Firmicutes; c__Clostridia; o__Clostridiales; f__Lachnospiraceae; g__Dorea; s__
OTU307	0	0	0	0	0	0	0	3	1	0	0	4	0	0	0	0	0	9	0	0	0	Unclassified
580090	0	0	0	0	33	0	0	0	1	0	0	0	0	8	0	0	0	0	0	0	0	k__Bacteria; p__Firmicutes; c__Clostridia; o__Clostridiales; f__; g__; s__
551902	0	0	0	0	37	133	0	22	0	0	227	1	1	29	4	0	20	57	76	520	100	k__Bacteria; p__Firmicutes; c__Clostridia; o__Clostridiales; f__Ruminococcaceae; g__; s__
OTU836	0	0	0	0	0	2	0	0	0	0	0	0	0	0	0	0	0	0	0	0	0	Unclassified
194995	0	0	1	0	0	0	0	0	0	0	0	0	0	0	0	10	0	0	0	0	0	k__Bacteria; p__Firmicutes; c__Clostridia; o__Clostridiales; f__Ruminococcaceae; g__; s__
41229	0	0	0	0	0	0	0	0	0	0	0	0	1	0	0	0	0	0	508	0	0	k__Bacteria; p__Proteobacteria; c__Betaproteobacteria; o__Burkholderiales; f__Alcaligenaceae; g__Sutterella; s__
470382	0	3	7	15	28	85	5	13	1	6	97	43	5	7	1	12	53	223	91	7	21	k__Bacteria; p__Firmicutes; c__Clostridia; o__Clostridiales; f__; g__; s__
580087	19	1	12	0	5	3255	3	2	22	3	17	0	0	7	0	5	3	33	5	0	2	k__Bacteria; p__Firmicutes; c__Clostridia; o__Clostridiales; f__Lachnospiraceae; g__Blautia; s__
214031	0	1	0	42	0	0	0	0	0	0	0	78	0	0	0	0	0	0	0	0	0	k__Bacteria; p__Bacteroidetes; c__Bacteroidia; o__Bacteroidales; f__Rikenellaceae; g__; s__
916143	0	73	0	248	0	0	101	0	0	0	0	188	0	0	0	0	0	0	8	0	0	k__Bacteria; p__Firmicutes; c__Clostridia; o__Clostridiales; f__Veillonellaceae; g__Phascolarctobacterium; s__
1888677	0	0	0	0	0	0	0	0	3	3	0	0	0	0	0	0	0	0	1	0	0	k__Bacteria; p__Firmicutes; c__Bacilli; o__Lactobacillales; f__Streptococcaceae; g__Streptococcus; s__anginosus
OTU625	0	0	0	0	1	0	0	0	0	0	0	0	0	0	0	0	0	3	0	0	0	Unclassified
182723	0	1	0	0	0	67	0	2	0	0	0	1	0	0	0	0	0	0	0	0	0	k__Bacteria; p__Firmicutes; c__Clostridia; o__Clostridiales; f__Lachnospiraceae; g__; s__
585073	0	14	0	0	0	0	8	0	0	0	0	0	0	0	0	0	0	0	0	0	0	k__Bacteria; p__Firmicutes; c__Clostridia; o__Clostridiales; f__Ruminococcaceae; g__Oscillospira; s__
194933	1	11	1	315	0	1	27	0	0	0	1210	53	67	0	0	1	0	0	171	16	0	k__Bacteria; p__Firmicutes; c__Clostridia; o__Clostridiales; f__Ruminococcaceae; g__Faecalibacterium; s__prausnitzii
548699	0	274	0	34	0	0	133	0	0	0	0	6	0	0	0	0	0	0	0	0	0	k__Bacteria; p__Proteobacteria; c__Epsilonproteobacteria; o__Campylobacterales; f__Helicobacteraceae; g__Flexispira; s__
575557	0	2	0	0	17	0	7	0	0	0	0	1	0	23	0	0	88	0	0	0	0	k__Bacteria; p__Firmicutes; c__Erysipelotrichi; o__Erysipelotrichales; f__Erysipelotrichaceae; g__; s__
OTU765	0	0	0	3	0	0	0	0	0	0	0	1	0	0	0	0	0	0	0	0	0	Unclassified
OTU797	0	0	0	0	0	0	0	0	2	0	0	0	0	0	0	0	0	0	0	0	1	Unclassified
219959	0	28	11	247	0	0	7	0	0	0	0	365	6	0	0	4	15	0	22	0	0	k__Bacteria; p__Firmicutes; c__Clostridia; o__Clostridiales; f__; g__; s__
331417	0	0	0	0	0	0	0	0	0	0	0	0	0	0	0	0	0	0	24	0	0	k__Bacteria; p__Firmicutes; c__Clostridia; o__Clostridiales; f__[Mogibacteriaceae]; g__; s__
556126	0	0	284	0	0	0	0	0	6	0	0	0	3	0	0	804	1	0	0	2	0	k__Bacteria; p__Bacteroidetes; c__Bacteroidia; o__Bacteroidales; f__Bacteroidaceae; g__Bacteroides; s__
3109779	0	0	0	0	0	0	0	1	0	0	1	0	0	0	0	0	0	0	0	0	0	k__Bacteria; p__Proteobacteria; c__Gammaproteobacteria; o__Pseudomonadales; f__Moraxellaceae; g__Acinetobacter; s__
312882	0	0	0	0	0	3	1	0	0	0	0	3	1	0	0	0	0	0	5	1	1	k__Bacteria; p__Firmicutes; c__Clostridia; o__Clostridiales; f__Ruminococcaceae; g__; s__
579608	1	2	42	9	3	3	0	0	50	1	31	5	0	0	0	5	1	39	19	14	3	k__Bacteria; p__Firmicutes; c__Bacilli; o__Lactobacillales; f__Streptococcaceae; g__Streptococcus; s__
OTU840	0	0	0	0	0	0	0	0	0	0	0	0	0	0	0	0	0	0	0	8	0	Unclassified
709657	0	0	0	0	0	0	0	0	0	0	2	0	0	0	0	0	0	0	0	0	0	k__Bacteria; p__Proteobacteria; c__Alphaproteobacteria; o__Rhodospirillales; f__Rhodospirillaceae; g__; s__
OTU89	0	21	0	409	0	0	0	0	0	0	0	413	0	0	0	0	0	0	2	0	0	Unclassified
183480	0	0	0	0	1391	3215	0	0	0	124	0	6	1269	722	35	295	945	1	96	1	156	k__Bacteria; p__Bacteroidetes; c__Bacteroidia; o__Bacteroidales; f__Bacteroidaceae; g__Bacteroides; s__
953855	52	106	74	620	1080	421	18	0	5	111	1	692	252	1070	10	112	495	0	37	1	54	k__Bacteria; p__Bacteroidetes; c__Bacteroidia; o__Bacteroidales; f__Rikenellaceae; g__; s__
368462	110	27	47	3	73	4004	26	13	2	2	204	1	323	174	0	33	327	79	1	272	0	k__Bacteria; p__Firmicutes; c__Clostridia; o__Clostridiales; f__Lachnospiraceae; g__; s__
133075	0	1	0	0	34	0	0	17	0	36	0	0	0	0	73	16	0	2	19	0	5	k__Bacteria; p__Firmicutes; c__Bacilli; o__Lactobacillales; f__Lactobacillaceae; g__Lactobacillus; s__iners
339417	0	0	0	0	0	0	0	0	0	0	2	0	0	0	0	0	0	0	0	0	0	k__Bacteria; p__Firmicutes; c__Clostridia; o__Clostridiales; f__Lachnospiraceae; g__; s__
572860	1	0	12	0	1	11	0	0	12	25	118	0	0	7	0	24	10	0	0	550	4	k__Bacteria; p__Firmicutes; c__Clostridia; o__Clostridiales; f__; g__; s__
579366	0	0	0	0	0	0	0	0	0	0	34	2	0	1	0	0	0	2	0	0	0	k__Bacteria; p__Firmicutes; c__Clostridia; o__Clostridiales; f__Ruminococcaceae; g__; s__
4410265	0	0	0	0	434	0	0	0	0	533	0	0	2283	2131	0	0	0	0	0	0	0	k__Bacteria; p__Firmicutes; c__Clostridia; o__Clostridiales; f__Veillonellaceae; g__Megasphaera; s__
846141	0	0	0	131	0	1	0	0	0	0	0	59	0	0	0	0	1	0	22	0	0	k__Bacteria; p__Firmicutes; c__Clostridia; o__Clostridiales; f__Lachnospiraceae; g__; s__
4331723	0	0	2	2	0	10	0	0	0	0	0	7	0	0	0	7	46	13	0	0	0	k__Bacteria; p__Firmicutes; c__Clostridia; o__Clostridiales; f__Ruminococcaceae; g__Ruminococcus; s__
199354	0	0	17	2	0	3	0	0	0	0	0	0	1	2	0	16	0	0	237	1	1	k__Bacteria; p__Bacteroidetes; c__Bacteroidia; o__Bacteroidales; f__[Barnesiellaceae]; g__; s__
OTU682	0	0	0	0	0	0	0	0	0	0	2	0	0	0	0	0	0	0	0	0	0	Unclassified
567974	0	8	0	0	0	0	2	0	0	0	0	0	0	0	0	0	0	0	0	0	0	k__Bacteria; p__Firmicutes; c__Clostridia; o__Clostridiales; f__Ruminococcaceae; g__Oscillospira; s__
2941399	0	0	0	0	0	0	0	0	0	0	0	7	0	0	0	0	0	0	0	0	0	k__Bacteria; p__Synergistetes; c__Synergistia; o__Synergistales; f__Synergistaceae; g__Synergistes; s__
199335	0	0	0	284	0	0	0	0	0	0	0	115	0	0	0	0	0	0	3	0	0	k__Bacteria; p__Firmicutes; c__Clostridia; o__Clostridiales; f__Ruminococcaceae; g__Ruminococcus; s__
210095	0	0	0	1	0	2	0	0	0	0	0	0	0	1	0	0	0	0	0	0	1	k__Bacteria; p__Firmicutes; c__Clostridia; o__Clostridiales; f__Ruminococcaceae; g__Ruminococcus; s__
OTU263	0	0	0	17	0	0	0	0	0	0	0	6	0	0	0	0	0	0	0	0	0	Unclassified
357046	1	5	2	348	85	776	0	1	1	1047	1	924	100	165	3	1	11	0	1	2	10	k__Bacteria; p__Bacteroidetes; c__Bacteroidia; o__Bacteroidales; f__Rikenellaceae; g__; s__
189387	0	0	0	3	0	0	0	0	0	0	0	5	0	0	0	0	0	0	4	0	0	k__Bacteria; p__Firmicutes; c__Clostridia; o__Clostridiales; f__Ruminococcaceae; g__; s__
1646259	0	0	0	0	2	2	0	0	0	0	4	0	0	0	0	0	0	0	0	0	27	k__Bacteria; p__Proteobacteria; c__Alphaproteobacteria; o__Rickettsiales; f__mitochondria; g__Nelumbo; s__nucifera
580008	1	0	0	272	0	87	0	28	0	0	1924	224	2054	0	0	0	1	637	17	15594	0	k__Bacteria; p__Firmicutes; c__Erysipelotrichi; o__Erysipelotrichales; f__Erysipelotrichaceae; g__; s__
147071	49	5	0	0	21	1	13	0	0	134	0	2	6	1	0	0	0	0	43	0	0	k__Bacteria; p__Actinobacteria; c__Coriobacteriia; o__Coriobacteriales; f__Coriobacteriaceae; g__Collinsella; s__
575041	0	10	0	298	0	99	0	0	0	0	0	614	0	0	2	1	0	0	0	0	11	k__Bacteria; p__Bacteroidetes; c__Bacteroidia; o__Bacteroidales; f__Rikenellaceae; g__; s__
510295	0	0	0	0	0	0	0	17	0	0	0	0	0	0	0	0	5	35	0	0	0	k__Bacteria; p__Firmicutes; c__Clostridia; o__Clostridiales; f__Ruminococcaceae; g__; s__
1656781	0	0	0	0	0	11523	0	0	0	0	0	0	0	0	285	0	0	0	0	0	1328	k__Bacteria; p__Bacteroidetes; c__Bacteroidia; o__Bacteroidales; f__Prevotellaceae; g__Prevotella; s__
345354	0	104	17	432	1	39	54	0	11	0	15	66	18	1	0	41	11	0	41	6	0	k__Bacteria; p__Firmicutes; c__Clostridia; o__Clostridiales; f__; g__; s__
320915	0	0	0	0	695	0	0	0	0	0	0	0	0	0	0	0	0	0	0	0	0	k__Bacteria; p__Cyanobacteria; c__4C0d-2; o__YS2; f__; g__; s__
851704	0	0	0	0	0	0	0	0	0	0	9	0	0	0	0	0	0	0	0	26	0	k__Bacteria; p__Firmicutes; c__Clostridia; o__Clostridiales; f__[Tissierellaceae]; g__Parvimonas; s__
519763	0	5	3	6	0	198	3	39	0	0	0	17	0	0	0	3	123	159	1	0	2	k__Bacteria; p__Firmicutes; c__Clostridia; o__Clostridiales; f__Ruminococcaceae; g__Oscillospira; s__
527988	1	0	0	0	0	0	0	0	0	0	35	0	0	0	0	0	0	0	0	0	0	k__Bacteria; p__Firmicutes; c__Clostridia; o__Clostridiales; f__Eubacteriaceae; g__Anaerofustis; s__
337010	0	0	0	0	0	0	0	0	0	0	0	0	0	0	0	0	0	0	8	0	0	k__Bacteria; p__Firmicutes; c__Clostridia; o__Clostridiales; f__; g__; s__
276149	0	0	0	0	107	0	0	0	0	41	0	0	5	10	0	0	0	0	0	0	0	k__Bacteria; p__Bacteroidetes; c__Bacteroidia; o__Bacteroidales; f__Porphyromonadaceae; g__Parabacteroides; s__
4341886	0	1	0	0	0	1	0	0	0	0	4	0	0	0	0	0	0	0	0	0	0	k__Bacteria; p__Firmicutes; c__Clostridia; o__Clostridiales; f__Ruminococcaceae; g__; s__
531675	2	11	0	58	11	36	6	0	116	35	118	91	18	0	1	12	29	3	33	12	12	k__Bacteria; p__Firmicutes; c__Clostridia; o__Clostridiales; f__Lachnospiraceae; g__Blautia; s__
3585003	0	0	0	0	0	0	0	0	6	0	0	0	0	0	0	0	0	0	0	0	0	k__Bacteria; p__Firmicutes; c__Clostridia; o__Clostridiales; f__Veillonellaceae; g__; s__
187404	0	1	0	5	0	0	0	0	0	0	0	19	0	0	0	0	6	0	0	0	0	k__Bacteria; p__Firmicutes; c__Clostridia; o__Clostridiales; f__Ruminococcaceae; g__; s__
1077373	0	0	0	0	0	0	0	0	0	0	0	0	0	0	0	0	0	0	4	2	0	k__Bacteria; p__Bacteroidetes; c__Bacteroidia; o__Bacteroidales; f__Prevotellaceae; g__Prevotella; s__
338992	0	0	19	63	0	2	0	0	31	0	746	17	536	0	0	34	0	0	95	21	0	k__Bacteria; p__Firmicutes; c__Clostridia; o__Clostridiales; f__Lachnospiraceae; g__; s__
172233	0	0	0	0	0	0	0	0	0	0	0	1	0	0	0	0	4	3	0	0	0	k__Bacteria; p__Firmicutes; c__Clostridia; o__Clostridiales; f__Ruminococcaceae; g__; s__
359020	0	0	0	0	7	0	0	0	0	0	0	0	0	9	0	0	0	0	0	0	0	k__Bacteria; p__Firmicutes; c__Clostridia; o__Clostridiales; f__Lachnospiraceae; g__Anaerostipes; s__
205148	0	0	155	0	0	0	0	0	0	0	1	0	0	0	0	1	1	2	9	0	0	k__Bacteria; p__Firmicutes; c__Clostridia; o__Clostridiales; f__Lachnospiraceae; g__Lachnobacterium; s__
735769	0	1	0	0	0	2	0	0	0	0	105	0	1	0	0	0	0	0	0	0	81	k__Bacteria; p__Cyanobacteria; c__Chloroplast; o__Streptophyta; f__; g__; s__
591540	7	0	0	0	0	0	0	0	0	0	0	0	0	0	0	0	0	0	0	0	0	k__Bacteria; p__Firmicutes; c__Clostridia; o__Clostridiales; f__Lachnospiraceae; g__Coprococcus; s__
OTU702	1	0	0	0	1	6	0	0	0	0	0	0	0	0	0	0	0	0	0	0	0	Unclassified
535375	970	401	405	2656	751	11164	315	936	1460	558	485	2138	4881	1947	261	837	3061	70	67	4989	297	k__Bacteria; p__Bacteroidetes; c__Bacteroidia; o__Bacteroidales; f__Bacteroidaceae; g__Bacteroides; s__ovatus
309720	7	1	1	9	3	15	1	5	126	25	50	17	48	11	0	3	73	14	2	10	1	k__Bacteria; p__Firmicutes; c__Clostridia; o__Clostridiales; f__Ruminococcaceae; g__; s__
582497	0	0	0	0	0	0	0	0	7	5	0	0	0	0	0	0	3	0	0	0	0	k__Bacteria; p__Firmicutes; c__Clostridia; o__Clostridiales; f__Lachnospiraceae; g__; s__
212532	0	0	0	14	0	2	0	9	0	16	0	18	0	0	0	0	0	71	0	0	0	k__Bacteria; p__Firmicutes; c__Clostridia; o__Clostridiales; f__Ruminococcaceae; g__; s__
787709	0	0	0	10	1	10	0	0	4	0	1	4	0	2	0	0	0	5	1	1	0	k__Bacteria; p__Actinobacteria; c__Actinobacteria; o__Actinomycetales; f__Actinomycetaceae; g__Actinomyces; s__
365496	0	0	0	1	0	0	0	0	1	0	0	0	0	1	0	0	0	1	297	2	0	k__Bacteria; p__Bacteroidetes; c__Bacteroidia; o__Bacteroidales; f__Bacteroidaceae; g__Bacteroides; s__plebeius
225954	0	0	0	1531	0	0	0	0	0	0	0	784	1250	0	373	0	3792	0	0	0	741	k__Bacteria; p__Firmicutes; c__Clostridia; o__Clostridiales; f__Veillonellaceae; g__; s__
514996	0	0	256	92	0	10	0	82	0	0	1	77	276	0	0	89	1	183	79	0	0	k__Bacteria; p__Firmicutes; c__Clostridia; o__Clostridiales; f__Lachnospiraceae; g__; s__
259772	1	0	0	0	0	3	0	0	10	0	12	0	0	3	0	2	0	4	0	3	0	k__Bacteria; p__Firmicutes; c__Clostridia; o__Clostridiales; f__Lachnospiraceae; g__Coprococcus; s__
OTU358	0	0	0	0	0	0	0	0	0	0	0	0	0	0	0	17	0	0	0	0	0	Unclassified
1105876	0	0	0	0	0	0	0	0	2	0	0	0	3	0	0	0	0	0	3	0	0	k__Bacteria; p__Firmicutes; c__Clostridia; o__Clostridiales; f__Veillonellaceae; g__Dialister; s__
OTU180	0	0	0	0	0	0	0	0	0	0	0	100	0	0	0	0	0	0	0	0	0	Unclassified
332718	0	1	0	0	0	0	0	0	1	0	0	0	0	0	0	0	0	0	4	0	0	k__Bacteria; p__Firmicutes; c__Bacilli; o__Lactobacillales; f__Lactobacillaceae; g__Lactobacillus; s__
368698	0	0	0	8	0	0	0	26	15	0	3	5	1180	0	0	0	316	4	12	0	0	k__Bacteria; p__Firmicutes; c__Clostridia; o__Clostridiales; f__Lachnospiraceae; g__; s__
158183	0	0	0	4	0	0	0	1	4	40	0	2	1	0	0	0	0	4	5	3	0	k__Bacteria; p__Firmicutes; c__Clostridia; o__Clostridiales; f__Ruminococcaceae; g__Oscillospira; s__
333024	4	0	0	0	0	0	0	0	405	9	1	0	0	0	0	0	1	0	0	0	0	k__Bacteria; p__Firmicutes; c__Clostridia; o__Clostridiales; f__Lachnospiraceae; g__Blautia; s__
215097	0	0	0	0	0	5580	0	0	0	431	0	0	1	0	0	0	213	0	0	0	0	k__Bacteria; p__Proteobacteria; c__Betaproteobacteria; o__Burkholderiales; f__Alcaligenaceae; g__Sutterella; s__
199182	0	1	0	20	0	0	1	0	0	0	0	1	0	0	0	0	0	0	0	0	0	k__Bacteria; p__Firmicutes; c__Clostridia; o__Clostridiales; f__Ruminococcaceae; g__; s__
741701	0	0	0	0	0	0	0	0	2	1	0	0	0	0	0	0	0	1	19	9	0	k__Bacteria; p__Bacteroidetes; c__Bacteroidia; o__Bacteroidales; f__Prevotellaceae; g__Prevotella; s__
922761	28	0	5	2	1	2	0	0	9	0	3	1	1	0	0	0	0	0	0	22	0	k__Bacteria; p__Proteobacteria; c__Gammaproteobacteria; o__Enterobacteriales; f__Enterobacteriaceae; g__Erwinia; s__
OTU559	6	0	0	0	0	0	0	0	1	0	0	0	21	2	0	0	0	0	0	0	0	Unclassified
588197	0	0	0	0	0	0	0	0	0	1	2	0	0	0	1	0	0	0	0	0	0	k__Bacteria; p__Firmicutes; c__Bacilli; o__Lactobacillales; f__Lactobacillaceae; g__Lactobacillus; s__
1076587	0	3	0	56	1	11	13	0	0	0	0	30	9	0	1	1	0	0	36	0	45	k__Bacteria; p__Firmicutes; c__Clostridia; o__Clostridiales; f__Lachnospiraceae; g__Dorea; s__formicigenerans
562376	7	0	8	2	40	374	0	2	27	25	55	3	32	1	0	43	9	80	0	390	6	k__Bacteria; p__Firmicutes; c__Clostridia; o__Clostridiales; f__; g__; s__
186272	0	0	3	0	0	0	0	0	0	1	0	0	0	0	0	8	0	0	0	0	0	k__Bacteria; p__Firmicutes; c__Clostridia; o__Clostridiales; f__Ruminococcaceae; g__; s__
OTU775	0	0	0	0	0	0	0	0	0	0	0	0	3	0	0	0	0	0	0	0	0	Unclassified
1105343	19	3	0	40	47	89	9	6	1	25	228	3	1	22	3	0	0	119	76	0	8	k__Bacteria; p__Firmicutes; c__Clostridia; o__Clostridiales; f__Clostridiaceae; g__Clostridium; s__
229348	0	0	0	22	0	0	0	0	0	0	0	8	0	0	0	0	0	0	0	0	0	k__Bacteria; p__Firmicutes; c__Clostridia; o__Clostridiales; f__; g__; s__
589923	0	0	0	0	0	0	0	0	3	0	1	0	0	1	0	0	0	0	498	1	25	k__Bacteria; p__Proteobacteria; c__Betaproteobacteria; o__Burkholderiales; f__Alcaligenaceae; g__Sutterella; s__
1040889	92	31	0	194	0	32	0	0	0	0	4664	99	0	0	0	0	1	1	287	673	0	k__Bacteria; p__Firmicutes; c__Clostridia; o__Clostridiales; f__; g__; s__
586271	3	0	2	0	8	33	0	1	4	0	6	0	1	9	0	15	5	1	0	15	7	k__Bacteria; p__Firmicutes; c__Clostridia; o__Clostridiales; f__Lachnospiraceae; g__[Ruminococcus]; s__
363731	243	0	2	0	586	11	0	0	1266	24	3	5	428	8751	0	0	0	1	0	7	2	k__Bacteria; p__Verrucomicrobia; c__Verrucomicrobiae; o__Verrucomicrobiales; f__Verrucomicrobiaceae; g__Akkermansia; s__muciniphila
4406925	0	0	11	0	0	0	0	0	0	0	692	0	0	0	0	7	0	0	0	6	0	k__Bacteria; p__Bacteroidetes; c__Bacteroidia; o__Bacteroidales; f__Bacteroidaceae; g__Bacteroides; s__
580629	2850	2001	2403	9437	4572	21085	1395	1382	269	3353	4039	11021	12988	1651	1068	2479	8268	2033	297	15387	1817	k__Bacteria; p__Bacteroidetes; c__Bacteroidia; o__Bacteroidales; f__Bacteroidaceae; g__Bacteroides; s__
368219	1653	1752	377	14263	1	216	846	421	110	0	1007	6761	122	0	0	2074	274	1659	1299	702	0	k__Bacteria; p__Firmicutes; c__Clostridia; o__Clostridiales; f__Ruminococcaceae; g__Faecalibacterium; s__prausnitzii
301578	0	1	0	28	1	5	0	0	0	0	1	11	6	0	0	0	3	1	0	7	0	k__Bacteria; p__Bacteroidetes; c__Bacteroidia; o__Bacteroidales; f__Bacteroidaceae; g__Bacteroides; s__
OTU571	0	0	0	0	0	0	0	0	0	0	0	3	0	0	0	0	0	0	0	0	0	Unclassified
OTU654	1	0	0	0	0	0	0	0	0	0	0	0	0	0	0	0	0	0	0	0	1	Unclassified
OTU628	4	2	2	11	0	3	0	0	0	2	8	12	3	0	1	4	2	0	0	13	0	Unclassified
586968	0	0	3	0	0	0	0	0	0	0	0	1	0	0	0	0	0	0	0	0	0	k__Bacteria; p__Firmicutes; c__Bacilli; o__Lactobacillales; f__Lactobacillaceae; g__Lactobacillus; s__
560873	0	0	0	4	0	0	0	0	0	0	0	19	0	0	0	0	0	0	9	0	0	k__Bacteria; p__Firmicutes; c__Clostridia; o__Clostridiales; f__; g__; s__
495451	0	0	0	1	0	0	0	0	0	0	64	0	0	0	0	0	0	0	4	2	0	k__Bacteria; p__Bacteroidetes; c__Bacteroidia; o__Bacteroidales; f__Porphyromonadaceae; g__Porphyromonas; s__
OTU731	0	0	0	0	4	3	0	0	0	0	0	0	0	0	0	0	0	1	0	1	1	Unclassified
540924	0	0	0	0	0	0	0	0	0	0	0	0	0	0	0	0	0	0	30	0	0	k__Bacteria; p__Firmicutes; c__Erysipelotrichi; o__Erysipelotrichales; f__Erysipelotrichaceae; g__Bulleidia; s__
OTU562	0	0	0	2	0	0	0	0	0	0	0	0	2	0	0	0	9	0	0	0	0	Unclassified
503236	0	0	0	0	0	0	0	0	1	51	0	0	0	0	0	0	0	0	1	0	0	k__Bacteria; p__Firmicutes; c__Clostridia; o__Clostridiales; f__[Tissierellaceae]; g__Anaerococcus; s__
1086889	0	0	0	0	0	0	0	0	0	0	0	0	1	0	0	0	0	0	15	15	0	k__Bacteria; p__Firmicutes; c__Clostridia; o__Clostridiales; f__[Tissierellaceae]; g__WAL_1855D; s__
197539	0	0	0	0	0	0	0	0	4	0	0	0	0	0	0	0	0	0	21	0	0	k__Bacteria; p__Firmicutes; c__Clostridia; o__Clostridiales; f__; g__; s__
OTU363	0	1	0	3	0	0	0	0	0	0	0	2	0	0	0	0	0	0	0	0	0	Unclassified
196553	160	18	0	2	0	1058	18	56	471	22	231	0	115	1	1	7	525	90	0	192	10	k__Bacteria; p__Firmicutes; c__Clostridia; o__Clostridiales; f__Ruminococcaceae; g__Oscillospira; s__
343257	0	0	0	0	0	0	0	0	0	0	0	0	0	0	50	0	1	0	0	0	2444	k__Bacteria; p__Firmicutes; c__Clostridia; o__Clostridiales; f__Veillonellaceae; g__Megamonas; s__
194297	0	0	0	0	0	0	0	0	154	0	4	1	0	0	0	0	0	0	0	0	0	k__Bacteria; p__Firmicutes; c__Clostridia; o__Clostridiales; f__Ruminococcaceae; g__Ruminococcus; s__
188789	0	0	0	0	0	0	0	0	0	0	0	0	0	0	0	0	0	0	4	0	0	k__Bacteria; p__Firmicutes; c__Clostridia; o__Clostridiales; f__Christensenellaceae; g__; s__
537661	0	0	39	0	0	0	0	39	29	23	67	0	230	0	38	34	162	166	0	84	61	k__Bacteria; p__Firmicutes; c__Clostridia; o__Clostridiales; f__Lachnospiraceae; g__; s__
367176	0	1	0	1	0	37	1	0	14	35	0	1	0	0	0	1	0	1	1	0	0	k__Bacteria; p__Firmicutes; c__Clostridia; o__Clostridiales; f__Ruminococcaceae; g__Oscillospira; s__
564806	111	9	35	8	61	3128	2	24	2837	241	141	9	89	467	34	32	229	36	0	186	104	k__Bacteria; p__Firmicutes; c__Clostridia; o__Clostridiales; f__; g__; s__
4296242	1	0	0	0	0	0	0	0	0	0	0	0	14	0	7	0	0	0	0	4	3	k__Bacteria; p__Firmicutes; c__Clostridia; o__Clostridiales; f__Veillonellaceae; g__Megasphaera; s__
216599	0	4	0	261	0	0	1	0	0	0	0	437	0	0	0	0	0	0	1	0	0	k__Bacteria; p__Bacteroidetes; c__Bacteroidia; o__Bacteroidales; f__Rikenellaceae; g__; s__
147100	0	0	0	18	0	0	0	0	0	0	0	5	0	0	0	0	0	0	0	0	0	k__Bacteria; p__Firmicutes; c__Clostridia; o__Clostridiales; f__Ruminococcaceae; g__; s__
359950	0	0	0	0	0	4	0	0	0	0	0	0	0	0	0	0	0	0	0	0	0	k__Bacteria; p__Firmicutes; c__Clostridia; o__Clostridiales; f__Ruminococcaceae; g__Ruminococcus; s__
369797	0	0	0	43	0	0	0	0	0	0	0	28	0	0	0	0	0	0	96	0	0	k__Bacteria; p__Firmicutes; c__Clostridia; o__Clostridiales; f__Ruminococcaceae; g__Ruminococcus; s__
1017181	0	0	0	1	0	9	0	0	0	0	0	0	0	0	0	0	0	0	1	1	1	k__Bacteria; p__Actinobacteria; c__Actinobacteria; o__Actinomycetales; f__Micrococcaceae; g__Rothia; s__mucilaginosa
266330	0	0	3	0	0	1	0	0	115	0	3	0	0	0	0	0	0	0	0	2	0	k__Bacteria; p__Firmicutes; c__Bacilli; o__Lactobacillales; f__Lactobacillaceae; g__Lactobacillus; s__zeae
333166	0	0	86	42	0	11	0	0	29	0	0	16	96	0	0	192	0	0	13	0	0	k__Bacteria; p__Firmicutes; c__Clostridia; o__Clostridiales; f__; g__; s__
OTU769	0	0	0	0	0	0	0	0	0	0	0	0	0	0	0	0	0	0	2	0	0	Unclassified
851938	0	0	0	1	0	0	0	0	4	0	6	0	1	0	0	0	0	0	0	0	0	k__Bacteria; p__Firmicutes; c__Erysipelotrichi; o__Erysipelotrichales; f__Erysipelotrichaceae; g__Bulleidia; s__moorei
2388617	988	749	0	0	125	0	406	0	5	20	1	0	31	115	0	0	0	0	1	0	0	k__Bacteria; p__Bacteroidetes; c__Bacteroidia; o__Bacteroidales; f__Bacteroidaceae; g__Bacteroides; s__
366716	0	11	0	0	18	0	11	0	0	0	123	6	4	30	0	0	0	0	37	70	8	k__Bacteria; p__Firmicutes; c__Clostridia; o__Clostridiales; f__; g__; s__
988314	0	0	0	0	0	0	0	2	0	0	0	0	0	0	0	0	0	0	0	0	0	k__Bacteria; p__Proteobacteria; c__Gammaproteobacteria; o__Pseudomonadales; f__Moraxellaceae; g__Acinetobacter; s__johnsonii
OTU742	4	0	4	0	1	0	0	0	7	2	20	0	0	15	0	0	17	0	0	0	0	Unclassified
1026498	0	0	0	4	0	0	0	0	21	0	0	1	0	0	0	0	0	0	0	0	0	k__Bacteria; p__Proteobacteria; c__Betaproteobacteria; o__Neisseriales; f__Neisseriaceae; g__Eikenella; s__
177179	0	0	0	0	0	0	0	0	0	0	0	0	0	0	0	0	5	0	0	0	0	k__Bacteria; p__Firmicutes; c__Clostridia; o__Clostridiales; f__Christensenellaceae; g__Christensenella; s__
OTU183	0	0	12	7	3	3	4	1	0	0	0	4	0	0	0	23	27	5	0	0	0	Unclassified
349257	0	81	0	0	585	7	67	4	0	1	4	0	0	36	0	386	23	41	10	0	0	k__Bacteria; p__Firmicutes; c__Clostridia; o__Clostridiales; f__Lachnospiraceae; g__Lachnospira; s__
192364	0	4	0	0	0	0	0	0	0	0	0	0	0	0	0	0	0	9	0	0	0	k__Bacteria; p__Firmicutes; c__Clostridia; o__Clostridiales; f__Lachnospiraceae; g__; s__
207994	0	0	0	0	0	0	0	0	4	0	0	0	0	0	0	0	2	0	0	0	0	k__Bacteria; p__Firmicutes; c__Clostridia; o__Clostridiales; f__Ruminococcaceae; g__Ruminococcus; s__
372348	10	16	0	0	0	213	3	0	246	392	6	11	0	0	0	0	0	0	56	13	0	k__Bacteria; p__Firmicutes; c__Clostridia; o__Clostridiales; f__Ruminococcaceae; g__Ruminococcus; s__
189820	0	0	0	4	0	0	0	0	0	0	0	0	0	0	0	0	0	0	0	0	0	k__Bacteria; p__Firmicutes; c__Clostridia; o__Clostridiales; f__Ruminococcaceae; g__Ruminococcus; s__
523589	0	0	0	0	0	5	0	0	2	0	1	2	0	0	0	0	0	0	0	1	0	k__Bacteria; p__Firmicutes; c__Clostridia; o__Clostridiales; f__Clostridiaceae; g__Clostridium; s__neonatale
OTU428	0	0	0	4	0	0	0	0	0	0	0	2	0	0	0	0	0	0	0	0	0	Unclassified
350091	0	0	0	1	0	0	1	0	0	0	0	0	0	0	0	0	0	3	3	0	4	k__Bacteria; p__Firmicutes; c__Clostridia; o__Clostridiales; f__; g__; s__
366147	0	0	0	0	1954	0	0	0	0	24	0	0	2001	34	0	0	0	0	944	0	0	k__Bacteria; p__Bacteroidetes; c__Bacteroidia; o__Bacteroidales; f__[Paraprevotellaceae]; g__Paraprevotella; s__
589071	568	268	221	1082	1058	8560	120	1224	101	383	1140	1933	533	168	146	748	2517	1241	28	525	456	k__Bacteria; p__Bacteroidetes; c__Bacteroidia; o__Bacteroidales; f__Bacteroidaceae; g__Bacteroides; s__uniformis
92043	0	0	0	0	0	0	0	0	0	0	5	0	0	0	0	0	0	0	0	0	0	k__Bacteria; p__Firmicutes; c__Clostridia; o__Clostridiales; f__[Mogibacteriaceae]; g__; s__
326136	0	0	0	22	0	8	0	0	0	0	0	10	0	0	0	0	0	0	0	0	0	k__Bacteria; p__Firmicutes; c__Clostridia; o__Clostridiales; f__; g__; s__
OTU465	0	0	0	4	0	0	0	0	0	0	0	3	0	0	0	0	0	0	0	0	0	Unclassified
OTU351	0	0	0	1	0	0	0	0	0	0	0	6	0	0	0	0	0	0	0	0	0	Unclassified
2979308	0	2	0	8	8	141	3	3	35	0	2	18	0	9	0	1	167	20	3	0	3	k__Bacteria; p__Firmicutes; c__Clostridia; o__Clostridiales; f__Ruminococcaceae; g__Ruminococcus; s__
565863	0	0	0	0	0	0	0	2	0	0	0	0	0	0	0	0	0	0	0	0	0	k__Bacteria; p__Proteobacteria; c__Betaproteobacteria; o__Burkholderiales; f__Alcaligenaceae; g__Candidimonas; s__humi
237438	8	1	7	3	5	29	3	13	15	0	3	2	16	6	0	16	29	6	0	0	1	k__Bacteria; p__Firmicutes; c__Clostridia; o__Clostridiales; f__Ruminococcaceae; g__; s__
OTU719	0	0	0	0	0	2	0	0	0	0	0	0	4	0	0	0	0	0	3	0	0	Unclassified
337729	0	1	0	0	0	0	0	0	0	2	0	2	1	0	0	0	0	0	6	0	0	k__Bacteria; p__Firmicutes; c__Clostridia; o__Clostridiales; f__Lachnospiraceae; g__; s__
198151	0	0	0	68	0	0	0	0	0	0	0	83	0	0	0	0	0	0	3	0	0	k__Bacteria; p__Firmicutes; c__Clostridia; o__Clostridiales; f__Ruminococcaceae; g__; s__
358594	0	0	3	0	0	0	0	1	2	0	5	0	3	0	0	2	15	3	7	0	0	k__Bacteria; p__Firmicutes; c__Clostridia; o__Clostridiales; f__; g__; s__
OTU651	0	0	0	0	0	0	0	0	0	0	0	0	12	0	0	0	0	0	0	0	0	Unclassified
586093	0	0	0	0	6	0	0	6	0	9	1	0	0	0	21	3	0	0	6	2	1	k__Bacteria; p__Firmicutes; c__Bacilli; o__Lactobacillales; f__Lactobacillaceae; g__Lactobacillus; s__
494971	0	0	0	415	0	0	0	0	0	0	0	8	0	0	0	0	0	0	0	0	0	k__Bacteria; p__Synergistetes; c__Synergistia; o__Synergistales; f__Dethiosulfovibrionaceae; g__Pyramidobacter; s__
191975	0	0	0	0	0	0	0	0	6	3	0	0	0	0	0	0	0	0	0	0	0	k__Bacteria; p__Firmicutes; c__Clostridia; o__Clostridiales; f__Eubacteriaceae; g__Pseudoramibacter_Eubacterium; s__
728119	0	0	0	0	1	0	0	5	6	1	3	0	0	0	0	1	0	0	0	1	0	k__Bacteria; p__Proteobacteria; c__Gammaproteobacteria; o__Pseudomonadales; f__Pseudomonadaceae; g__Pseudomonas; s__
197943	5	0	0	0	36	39	0	0	45	70	0	2	0	46	0	0	0	0	0	0	0	k__Bacteria; p__Firmicutes; c__Clostridia; o__Clostridiales; f__Ruminococcaceae; g__Ruminococcus; s__
OTU537	10	1	0	0	5	12	2	0	0	1	1	0	19	5	0	0	0	0	2	0	0	Unclassified
843459	40	1	0	2	0	34	0	0	56	0	6961	7	1	0	1	0	0	0	0	6	0	k__Bacteria; p__Firmicutes; c__Clostridia; o__Clostridiales; f__Clostridiaceae; g__; s__
565357	0	0	6	76	0	0	0	0	0	0	0	60	1	0	0	109	0	0	0	2	0	k__Bacteria; p__Firmicutes; c__Clostridia; o__Clostridiales; f__; g__; s__
389371	0	2	0	72	0	0	0	0	0	0	0	58	0	0	0	0	0	0	0	0	0	k__Bacteria; p__Firmicutes; c__Clostridia; o__Clostridiales; f__; g__; s__
365628	0	0	0	0	310	4135	0	214	0	0	0	0	0	0	2	203	0	785	0	0	15	k__Bacteria; p__Firmicutes; c__Clostridia; o__Clostridiales; f__Veillonellaceae; g__Phascolarctobacterium; s__
495086	0	0	0	0	0	0	0	0	0	0	1	0	0	0	0	0	1	0	0	1	0	k__Bacteria; p__Bacteroidetes; c__Bacteroidia; o__Bacteroidales; f__Porphyromonadaceae; g__Porphyromonas; s__
1820513	1	724	466	280	0	0	310	360	76	0	3684	119	6247	1	0	321	0	61	36	3505	0	k__Bacteria; p__Proteobacteria; c__Betaproteobacteria; o__Burkholderiales; f__Alcaligenaceae; g__Sutterella; s__
OTU579	1	0	0	1	2	6	2	0	13	7	3	0	0	0	0	0	0	2	0	71	0	Unclassified
OTU670	0	0	0	0	0	0	0	0	0	0	2	0	0	0	0	0	0	0	0	0	0	Unclassified
145801	8	3	8	0	3	70	4	1	46	1	32	0	2	2	0	24	4	8	0	160	3	k__Bacteria; p__Firmicutes; c__Erysipelotrichi; o__Erysipelotrichales; f__Erysipelotrichaceae; g__; s__
344512	0	0	0	28	0	0	0	0	0	0	0	35	0	0	0	0	0	0	0	0	0	k__Bacteria; p__Firmicutes; c__Clostridia; o__Clostridiales; f__; g__; s__
558444	0	1	7	6	0	9	0	21	185	50	316	5	0	14	0	17	97	30	0	8	0	k__Bacteria; p__Firmicutes; c__Clostridia; o__Clostridiales; f__Ruminococcaceae; g__; s__
362078	0	1	0	947	0	4	0	0	0	476	16	1307	6	0	0	0	82	0	63	8	0	k__Bacteria; p__Firmicutes; c__Clostridia; o__Clostridiales; f__Ruminococcaceae; g__; s__
300432	0	0	0	0	0	0	0	0	0	0	2	0	0	0	0	0	0	0	0	4	0	k__Bacteria; p__Proteobacteria; c__Epsilonproteobacteria; o__Campylobacterales; f__Campylobacteraceae; g__Campylobacter; s__
369227	0	5	0	24	81	15	63	0	7	0	1	102	161	64	27	0	0	0	188	8	195	k__Bacteria; p__Firmicutes; c__Clostridia; o__Clostridiales; f__Lachnospiraceae; g__; s__
204126	0	0	0	0	0	0	0	3	0	0	1	0	0	1	0	0	0	0	0	0	0	k__Bacteria; p__Firmicutes; c__Clostridia; o__Clostridiales; f__Ruminococcaceae; g__Oscillospira; s__
OTU378	0	0	0	0	0	0	0	0	11	0	0	0	0	0	0	0	0	0	0	0	0	Unclassified
495396	0	0	0	0	0	0	0	0	9	20	19	0	0	0	0	0	0	0	1	11	0	k__Bacteria; p__Firmicutes; c__Clostridia; o__Clostridiales; f__[Tissierellaceae]; g__Anaerococcus; s__
OTU479	0	0	0	0	0	0	2	0	0	0	0	0	0	0	0	2	0	0	7	0	0	Unclassified
146086	0	0	0	0	0	0	0	0	0	0	0	0	0	0	0	4	0	0	0	0	0	k__Bacteria; p__Firmicutes; c__Clostridia; o__Clostridiales; f__Lachnospiraceae; g__; s__
4453773	0	89	0	367	0	0	25	0	257	19	0	196	0	0	15	0	0	0	0	0	144	k__Bacteria; p__Proteobacteria; c__Deltaproteobacteria; o__Desulfovibrionales; f__Desulfovibrionaceae; g__Desulfovibrio; s__
4468892	0	0	1	0	0	0	0	0	0	0	4	2	0	0	0	2	0	0	0	0	0	k__Bacteria; p__Firmicutes; c__Clostridia; o__Clostridiales; f__Ruminococcaceae; g__; s__
239863	0	1	0	1	0	3	0	0	0	0	111	0	19	0	0	0	0	0	0	5425	0	k__Bacteria; p__Firmicutes; c__Clostridia; o__Clostridiales; f__Clostridiaceae; g__Clostridium; s__
994357	0	0	0	0	0	0	0	0	0	0	3	0	0	0	0	0	0	0	0	0	0	k__Bacteria; p__Firmicutes; c__Clostridia; o__Clostridiales; f__[Mogibacteriaceae]; g__Mogibacterium; s__
OTU849	1	2	0	0	0	0	0	0	0	0	0	0	0	0	0	0	0	2	1	0	0	Unclassified
4144206	0	0	0	3	0	0	0	0	0	0	0	5	0	0	0	0	0	0	0	0	0	k__Bacteria; p__Firmicutes; c__Erysipelotrichi; o__Erysipelotrichales; f__Erysipelotrichaceae; g__; s__
712677	0	0	0	2	0	4	0	0	0	0	3	0	0	0	0	0	0	0	0	1	0	k__Bacteria; p__Firmicutes; c__Clostridia; o__Clostridiales; f__Clostridiaceae; g__SMB53; s__
527630	0	0	0	0	0	0	0	0	155	57	2	0	0	0	0	0	0	0	0	379	0	k__Bacteria; p__Firmicutes; c__Clostridia; o__Clostridiales; f__Clostridiaceae; g__; s__
235127	0	2	0	0	0	0	1	0	0	0	0	0	0	0	0	0	0	0	0	0	0	k__Bacteria; p__Actinobacteria; c__Coriobacteriia; o__Coriobacteriales; f__Coriobacteriaceae; g__; s__
OTU763	2	0	0	5	0	0	0	0	0	0	1	0	7	0	0	2	1	0	0	1	0	Unclassified
114621	0	0	0	0	0	0	0	0	679	0	0	0	0	0	0	0	0	0	0	33	0	k__Bacteria; p__Proteobacteria; c__Epsilonproteobacteria; o__Campylobacterales; f__Campylobacteraceae; g__Campylobacter; s__
341902	0	0	3	2	0	16	0	6	0	1	0	2	0	0	0	3	15	11	0	0	2	k__Bacteria; p__Firmicutes; c__Clostridia; o__Clostridiales; f__Ruminococcaceae; g__Oscillospira; s__
OTU792	0	0	0	0	0	0	0	0	0	0	0	0	4	0	0	0	0	0	0	0	0	Unclassified
415427	0	0	3	0	0	3	0	3	0	0	0	0	0	0	0	26	3	16	0	0	0	k__Bacteria; p__Firmicutes; c__Erysipelotrichi; o__Erysipelotrichales; f__Erysipelotrichaceae; g__Coprobacillus; s__
804526	0	0	0	0	0	0	0	0	0	0	56	0	0	0	0	0	0	0	68	0	0	k__Bacteria; p__Firmicutes; c__Clostridia; o__Clostridiales; f__Lachnospiraceae; g__Coprococcus; s__
351231	744	12	1	52	457	1200	234	47	6121	739	372	197	424	161	32	1	1	29	32	4681	109	k__Bacteria; p__Bacteroidetes; c__Bacteroidia; o__Bacteroidales; f__Bacteroidaceae; g__Bacteroides; s__fragilis
342427	32	3	1	189	3	20	4	0	30	0	499	26	1	0	1	0	1	1	11	1752	0	k__Bacteria; p__Firmicutes; c__Clostridia; o__Clostridiales; f__Veillonellaceae; g__Veillonella; s__dispar
266210	0	0	0	0	0	0	0	0	0	0	0	0	1872	0	0	0	1	0	0	1	0	k__Bacteria; p__Firmicutes; c__Clostridia; o__Clostridiales; f__Veillonellaceae; g__Megasphaera; s__
553150	3	0	0	2	0	0	0	0	0	0	0	2	0	0	0	0	0	0	0	0	0	k__Bacteria; p__Firmicutes; c__Clostridia; o__Clostridiales; f__Lachnospiraceae; g__Coprococcus; s__
363997	0	0	0	0	0	0	0	0	0	0	0	0	8	0	0	0	0	0	0	0	0	k__Bacteria; p__Firmicutes; c__Clostridia; o__Clostridiales; f__Ruminococcaceae; g__; s__
366068	29	11	385	7	0	46	3	0	3	0	503	14	75	0	0	1351	15	0	353	392	0	k__Bacteria; p__Firmicutes; c__Clostridia; o__Clostridiales; f__Ruminococcaceae; g__Faecalibacterium; s__prausnitzii
522595	0	0	0	0	0	0	0	0	0	0	0	0	0	0	0	0	1	0	1	0	0	k__Bacteria; p__Bacteroidetes; c__Bacteroidia; o__Bacteroidales; f__Bacteroidaceae; g__Bacteroides; s__coprophilus
318131	0	0	0	0	0	0	0	0	0	0	0	0	0	0	0	0	0	0	7	0	0	k__Bacteria; p__Firmicutes; c__Clostridia; o__Clostridiales; f__; g__; s__
324244	0	0	0	16	0	0	0	0	0	0	0	19	0	0	0	0	0	0	0	0	0	k__Bacteria; p__Firmicutes; c__Clostridia; o__Clostridiales; f__Ruminococcaceae; g__; s__
1132622	0	0	0	0	0	0	0	0	477	0	0	0	0	0	0	0	0	0	0	0	0	k__Bacteria; p__Firmicutes; c__Clostridia; o__Clostridiales; f__Veillonellaceae; g__Megasphaera; s__
OTU635	0	0	1	0	0	0	0	0	0	0	0	0	1	0	0	0	2	0	0	0	0	Unclassified
1098434	0	0	0	0	0	0	0	0	0	0	6	0	0	0	0	0	0	0	0	0	0	k__Bacteria; p__Firmicutes; c__Clostridia; o__Clostridiales; f__[Tissierellaceae]; g__Peptoniphilus; s__
2704013	25	0	8	0	2	2	0	0	78	3	157	0	1	11	1	0	41	0	0	0	1	k__Bacteria; p__Firmicutes; c__Clostridia; o__Clostridiales; f__Veillonellaceae; g__Dialister; s__
1078587	2	20	51	14	137	855	19	12	182	28	820	55	53	53	2	311	474	341	70	411	114	k__Bacteria; p__Firmicutes; c__Clostridia; o__Clostridiales; f__Lachnospiraceae; g__Blautia; s__
353214	0	0	0	2	0	1	0	0	0	0	0	25	0	1	0	0	0	0	8	0	0	k__Bacteria; p__Firmicutes; c__Clostridia; o__Clostridiales; f__; g__; s__
311961	0	0	0	6	0	5	0	1	51	9	5	6	0	0	0	1	17	4	0	0	2	k__Bacteria; p__Firmicutes; c__Clostridia; o__Clostridiales; f__Ruminococcaceae; g__Anaerotruncus; s__
308957	0	0	1	4	40	0	0	0	0	2	0	3	6	74	0	0	260	0	1	0	0	k__Bacteria; p__Bacteroidetes; c__Bacteroidia; o__Bacteroidales; f__Rikenellaceae; g__; s__
368490	0	7	0	0	0	1	0	0	0	0	1227	2	0	0	0	0	0	0	0	8	0	k__Bacteria; p__Firmicutes; c__Bacilli; o__Turicibacterales; f__Turicibacteraceae; g__Turicibacter; s__
851715	15	4	1	0	95	0	1	0	3	2	2	0	0	98	0	0	5	1	0	0	0	k__Bacteria; p__Firmicutes; c__Erysipelotrichi; o__Erysipelotrichales; f__Erysipelotrichaceae; g__[Eubacterium]; s__dolichum
295296	0	0	0	0	0	0	5	5	0	0	0	0	0	0	0	0	0	9	0	0	0	k__Bacteria; p__Firmicutes; c__Clostridia; o__Clostridiales; f__; g__; s__
211191	0	0	0	0	0	14	0	0	0	0	247	33	0	0	0	0	0	0	182	0	0	k__Bacteria; p__Firmicutes; c__Clostridia; o__Clostridiales; f__Ruminococcaceae; g__; s__
305545	0	0	0	8	0	0	0	0	0	0	0	6	0	0	0	2	0	0	0	0	0	k__Bacteria; p__Firmicutes; c__Clostridia; o__Clostridiales; f__; g__; s__
184905	0	0	0	3	0	2	0	0	0	0	0	3	0	0	0	5	0	0	23	0	0	k__Bacteria; p__Firmicutes; c__Clostridia; o__Clostridiales; f__Lachnospiraceae; g__Coprococcus; s__
137183	0	0	0	0	0	0	0	0	8	0	0	0	0	0	4	0	0	0	0	0	0	k__Bacteria; p__Actinobacteria; c__Actinobacteria; o__Bifidobacteriales; f__Bifidobacteriaceae; g__Gardnerella; s__
OTU754	0	0	0	2	0	0	0	0	0	0	0	0	0	0	0	0	0	0	0	0	0	Unclassified
OTU294	0	0	0	0	0	0	0	0	0	0	26	0	0	0	0	0	0	0	0	0	0	Unclassified
351135	0	0	0	0	0	0	0	0	0	9	3	0	0	0	0	0	0	0	0	0	0	k__Bacteria; p__Firmicutes; c__Clostridia; o__Clostridiales; f__[Mogibacteriaceae]; g__; s__
579851	0	0	2	0	0	8	0	0	32	13	34	5	0	1	0	0	4	3	0	54	1	k__Bacteria; p__Firmicutes; c__Erysipelotrichi; o__Erysipelotrichales; f__Erysipelotrichaceae; g__[Eubacterium]; s__dolichum
647919	0	0	0	0	0	0	0	0	2	0	0	0	0	0	0	0	0	0	0	0	0	k__Bacteria; p__Gemmatimonadetes; c__Gemm-1; o__; f__; g__; s__
843553	0	0	87	62	0	122	0	0	7	0	448	60	0	0	0	987	0	0	146	23	1	k__Bacteria; p__Firmicutes; c__Clostridia; o__Clostridiales; f__Lachnospiraceae; g__Lachnospira; s__
361683	0	0	0	0	1	1	0	0	0	0	0	0	2	0	0	0	1	0	13	0	0	k__Bacteria; p__Firmicutes; c__Clostridia; o__Clostridiales; f__Ruminococcaceae; g__; s__
175508	0	0	0	0	0	4	0	0	7	0	12	0	0	0	0	0	5	3	0	0	0	k__Bacteria; p__Actinobacteria; c__Coriobacteriia; o__Coriobacteriales; f__Coriobacteriaceae; g__; s__
355424	0	0	23	6	0	0	0	36	1	0	0	3	451	0	0	12	0	136	23	0	0	k__Bacteria; p__Firmicutes; c__Clostridia; o__Clostridiales; f__Lachnospiraceae; g__; s__
361619	0	0	0	2	0	0	0	0	0	4	11	2	2	0	0	0	0	0	20	5	1	k__Bacteria; p__Firmicutes; c__Clostridia; o__Clostridiales; f__Lachnospiraceae; g__Blautia; s__
2442706	0	0	0	3	0	0	0	0	9	7	1	8	0	0	0	0	0	0	1	0	0	k__Bacteria; p__Firmicutes; c__Clostridia; o__Clostridiales; f__Christensenellaceae; g__; s__
183686	0	0	0	0	1	5	0	0	0	5	45	0	0	5	0	3	6	12	0	0	0	k__Bacteria; p__Firmicutes; c__Clostridia; o__Clostridiales; f__Ruminococcaceae; g__; s__
367433	2	2	9	3	0	1	0	0	0	0	489	6	1	0	0	18	17	0	54	421	0	k__Bacteria; p__Firmicutes; c__Clostridia; o__Clostridiales; f__Ruminococcaceae; g__Faecalibacterium; s__prausnitzii
330294	0	0	0	0	0	0	1	0	0	0	0	0	0	0	0	0	0	0	1703	0	0	k__Bacteria; p__Firmicutes; c__Erysipelotrichi; o__Erysipelotrichales; f__Erysipelotrichaceae; g__Catenibacterium; s__
OTU506	0	0	0	0	0	0	0	0	0	0	6	0	13	2	1	0	1	0	0	0	0	Unclassified
583134	0	0	0	0	0	0	0	2	0	0	0	0	0	3	0	1	0	13	0	0	0	k__Bacteria; p__Firmicutes; c__Clostridia; o__Clostridiales; f__Ruminococcaceae; g__; s__
198649	0	0	0	0	0	0	0	0	0	0	0	0	0	0	0	0	0	0	34	0	0	k__Bacteria; p__Firmicutes; c__Clostridia; o__Clostridiales; f__Ruminococcaceae; g__; s__
319097	0	0	0	2	6	0	0	0	0	0	11	10	0	19	0	0	0	0	4	0	0	k__Bacteria; p__Firmicutes; c__Clostridia; o__Clostridiales; f__Lachnospiraceae; g__; s__
592616	5	7	3	8	0	5	4	0	5	0	563	0	0	0	0	35	62	12	0	60	0	k__Bacteria; p__Firmicutes; c__Erysipelotrichi; o__Erysipelotrichales; f__Erysipelotrichaceae; g__; s__
4311620	0	0	0	0	0	0	0	0	0	2	0	0	0	0	0	0	0	0	0	0	0	k__Bacteria; p__Firmicutes; c__Clostridia; o__Clostridiales; f__EtOH8; g__; s__
363400	43	6	12	181	0	1033	7	99	0	0	187	160	13	0	1	202	0	1786	36	11	310	k__Bacteria; p__Firmicutes; c__Clostridia; o__Clostridiales; f__Lachnospiraceae; g__; s__
186851	0	0	0	0	0	0	0	0	0	0	0	0	0	0	0	0	0	0	12	0	0	k__Bacteria; p__Firmicutes; c__Clostridia; o__Clostridiales; f__; g__; s__
4299126	0	413	0	2	0	0	1	0	0	0	0	0	0	0	0	0	0	0	0	0	0	k__Bacteria; p__Proteobacteria; c__Alphaproteobacteria; o__RF32; f__; g__; s__
444857	0	0	0	0	0	6	0	0	3	0	134	0	2	0	0	0	0	0	0	651	0	k__Bacteria; p__Fusobacteria; c__Fusobacteriia; o__Fusobacteriales; f__Fusobacteriaceae; g__Fusobacterium; s__
215231	0	1	0	2	0	0	0	0	0	0	0	1	0	0	0	0	17	0	1	0	0	k__Bacteria; p__Firmicutes; c__Clostridia; o__Clostridiales; f__Ruminococcaceae; g__; s__
819181	0	0	0	679	0	0	0	0	0	0	0	1817	0	0	0	0	0	0	0	0	0	k__Bacteria; p__Firmicutes; c__Clostridia; o__Clostridiales; f__Ruminococcaceae; g__; s__
716006	0	0	3	1	1	10	0	0	0	0	2	0	0	0	0	0	0	0	0	24	0	k__Bacteria; p__Firmicutes; c__Bacilli; o__Lactobacillales; f__Streptococcaceae; g__Lactococcus; s__
593043	0	0	0	0	0	0	0	0	352	8	0	0	5	1	0	0	0	0	0	0	0	k__Bacteria; p__Verrucomicrobia; c__Verrucomicrobiae; o__Verrucomicrobiales; f__Verrucomicrobiaceae; g__Akkermansia; s__muciniphila
360890	0	0	0	2	0	0	0	0	0	0	0	0	0	0	0	0	0	0	0	0	0	k__Bacteria; p__Firmicutes; c__Clostridia; o__Clostridiales; f__; g__; s__
3805726	0	0	0	0	0	0	0	0	0	0	5	0	0	0	0	0	0	0	0	0	0	k__Bacteria; p__Firmicutes; c__Clostridia; o__Clostridiales; f__[Mogibacteriaceae]; g__; s__
221429	0	0	0	0	0	0	0	0	2	0	0	0	0	0	0	0	0	0	0	0	0	k__Bacteria; p__Firmicutes; c__Clostridia; o__Clostridiales; f__Ruminococcaceae; g__; s__
893041	0	0	0	0	0	0	0	0	0	17	0	0	0	0	0	0	0	0	0	0	0	k__Bacteria; p__Actinobacteria; c__Coriobacteriia; o__Coriobacteriales; f__Coriobacteriaceae; g__; s__
OTU795	0	0	0	0	0	0	0	0	0	0	3	0	0	0	0	0	0	0	0	2	0	Unclassified
358143	0	0	0	10	0	0	0	0	0	0	0	7	0	0	0	0	0	0	0	0	0	k__Bacteria; p__Firmicutes; c__Clostridia; o__Clostridiales; f__Ruminococcaceae; g__; s__
OTU262	0	0	0	1	0	0	0	0	0	0	0	1	52	0	0	0	8	0	0	0	0	Unclassified
181074	0	0	0	0	0	0	0	0	0	0	22	0	0	0	0	0	0	0	0	0	0	k__Bacteria; p__Firmicutes; c__Erysipelotrichi; o__Erysipelotrichales; f__Erysipelotrichaceae; g__cc_115; s__
1050608	0	0	0	0	0	0	0	0	0	2	0	0	0	0	0	0	0	0	0	0	0	k__Bacteria; p__Actinobacteria; c__Actinobacteria; o__Actinomycetales; f__Corynebacteriaceae; g__Corynebacterium; s__
362501	0	0	0	0	0	0	0	0	0	0	0	0	0	0	0	0	0	0	22	1	0	k__Bacteria; p__Firmicutes; c__Clostridia; o__Clostridiales; f__Lachnospiraceae; g__Coprococcus; s__eutactus
3973340	0	0	0	0	0	4	0	0	0	0	0	0	0	0	0	0	0	0	0	0	0	k__Bacteria; p__Firmicutes; c__Clostridia; o__Clostridiales; f__Lachnospiraceae; g__; s__
362342	23	0	0	53	0	0	0	0	45	2	0	94	5	0	0	0	0	20	62	0	0	k__Bacteria; p__Firmicutes; c__Clostridia; o__Clostridiales; f__Ruminococcaceae; g__Ruminococcus; s__
551822	37	0	1	16	1	12	4	0	19	0	593	74	3	4	0	0	4	9	15	109	8	k__Bacteria; p__Firmicutes; c__Clostridia; o__Clostridiales; f__Clostridiaceae; g__; s__
OTU435	0	0	0	0	0	0	0	0	0	0	0	0	2	18	0	0	0	0	0	0	0	Unclassified
839964	0	0	0	2	0	0	0	12	0	0	0	4	0	0	0	0	0	26	4	0	0	k__Bacteria; p__Firmicutes; c__Clostridia; o__Clostridiales; f__Ruminococcaceae; g__Oscillospira; s__
271430	0	0	0	0	0	0	0	0	0	0	0	0	0	0	0	0	0	3	0	0	0	k__Bacteria; p__Firmicutes; c__Clostridia; o__Clostridiales; f__Ruminococcaceae; g__Ruminococcus; s__
583398	2	5	0	48	70	694	7	6	60	12	1	25	1	3	0	0	119	30	0	0	0	k__Bacteria; p__Firmicutes; c__Clostridia; o__Clostridiales; f__Lachnospiraceae; g__[Ruminococcus]; s__torques
369486	0	171	0	420	0	0	0	30	0	0	516	156	0	0	7	0	7	78	13	692	143	k__Bacteria; p__Firmicutes; c__Clostridia; o__Clostridiales; f__Lachnospiraceae; g__Lachnospira; s__
179201	0	1	0	5	0	3	0	0	0	0	0	4	0	0	0	0	0	0	0	0	0	k__Bacteria; p__Firmicutes; c__Clostridia; o__Clostridiales; f__Ruminococcaceae; g__; s__
4466220	0	0	0	0	3	0	0	0	76	0	11	0	0	0	0	0	34	0	0	0	0	k__Bacteria; p__Firmicutes; c__Clostridia; o__Clostridiales; f__; g__; s__
346056	0	0	0	0	0	0	0	0	2	0	0	0	0	0	0	0	0	0	0	0	0	k__Bacteria; p__Proteobacteria; c__Alphaproteobacteria; o__Sphingomonadales; f__Sphingomonadaceae; g__Sphingobium; s__
306315	0	0	0	0	0	33	0	3	0	0	0	0	0	0	0	0	78	11	0	0	0	k__Bacteria; p__Firmicutes; c__Clostridia; o__Clostridiales; f__Ruminococcaceae; g__Oscillospira; s__
370075	10	0	0	1	0	0	0	0	33	13	0	2	0	0	0	0	0	2	0	0	3	k__Bacteria; p__Firmicutes; c__Clostridia; o__Clostridiales; f__[Mogibacteriaceae]; g__; s__
370046	0	0	0	10	0	0	0	0	0	0	0	15	0	0	0	0	0	0	10	0	0	k__Bacteria; p__Firmicutes; c__Clostridia; o__Clostridiales; f__Ruminococcaceae; g__Oscillospira; s__
589313	1	0	0	0	6	0	0	1	1	0	28	0	0	4	0	17	0	3	0	265	0	k__Bacteria; p__Firmicutes; c__Clostridia; o__Clostridiales; f__Lachnospiraceae; g__Blautia; s__producta
OTU615	3	0	0	0	0	0	0	0	0	0	0	0	0	0	0	0	0	0	1	0	0	Unclassified
216989	0	0	0	0	0	0	0	0	0	0	1	0	0	0	0	33	0	9	0	1	0	k__Bacteria; p__Firmicutes; c__Erysipelotrichi; o__Erysipelotrichales; f__Erysipelotrichaceae; g__; s__
215963	0	0	0	0	0	0	0	0	0	89	0	0	1346	0	0	0	0	0	0	0	0	k__Bacteria; p__Firmicutes; c__Clostridia; o__Clostridiales; f__Clostridiaceae; g__Clostridium; s__
578016	0	570	170	426	1159	3333	196	0	7	115	0	195	344	314	87	66	682	0	235	0	339	k__Bacteria; p__Bacteroidetes; c__Bacteroidia; o__Bacteroidales; f__Porphyromonadaceae; g__Parabacteroides; s__distasonis
988932	0	101	0	0	0	0	40	0	0	0	0	0	0	0	0	0	0	0	0	2	0	k__Bacteria; p__Firmicutes; c__Clostridia; o__Clostridiales; f__; g__; s__
136127	0	0	0	0	0	3	0	0	0	0	0	0	0	0	0	0	0	0	0	0	2	k__Bacteria; p__Actinobacteria; c__Coriobacteriia; o__Coriobacteriales; f__Coriobacteriaceae; g__; s__
OTU850	3	0	0	0	1	0	0	0	0	0	0	0	0	0	0	0	0	1	0	0	1	Unclassified
300855	0	0	0	192	0	0	0	0	0	0	0	88	0	0	0	0	0	0	4	0	0	k__Bacteria; p__Firmicutes; c__Clostridia; o__Clostridiales; f__Clostridiaceae; g__; s__
357261	0	25	0	401	0	14	5	0	1	0	58	700	0	0	0	0	0	0	0	2	0	k__Bacteria; p__Firmicutes; c__Clostridia; o__Clostridiales; f__Ruminococcaceae; g__Ruminococcus; s__
OTU875	6	0	1	1	0	5	1	0	2	0	0	0	12	0	0	5	0	0	0	2	1	Unclassified
211212	2	0	0	0	0	0	1	0	0	0	0	0	0	0	0	0	0	0	0	0	0	k__Bacteria; p__Firmicutes; c__Clostridia; o__Clostridiales; f__Lachnospiraceae; g__; s__
183104	0	0	0	0	0	0	0	0	0	0	0	0	1	0	0	0	0	0	4	0	0	k__Bacteria; p__Actinobacteria; c__Coriobacteriia; o__Coriobacteriales; f__Coriobacteriaceae; g__; s__
OTU611	0	0	0	0	0	0	0	0	0	0	0	0	0	0	0	0	0	0	0	18	0	Unclassified
749837	0	0	0	0	0	0	0	0	0	0	0	0	0	0	0	0	0	0	2	0	0	k__Bacteria; p__Firmicutes; c__Clostridia; o__Clostridiales; f__Lachnospiraceae; g__Oribacterium; s__
168289	0	0	0	181	0	0	0	0	0	353	0	93	0	0	0	0	0	0	62	0	0	k__Bacteria; p__Firmicutes; c__Clostridia; o__Clostridiales; f__; g__; s__
364926	1	3	584	2	0	33	0	0	16891	0	0	19	2	0	215	2174	2	0	42	2	977	k__Bacteria; p__Bacteroidetes; c__Bacteroidia; o__Bacteroidales; f__Bacteroidaceae; g__Bacteroides; s__
OTU626	0	0	0	2	0	0	0	0	0	0	0	0	0	0	0	0	4	0	0	0	0	Unclassified
194286	0	0	0	0	0	25	0	0	0	0	0	0	0	0	0	0	0	0	0	0	0	k__Bacteria; p__Bacteroidetes; c__Bacteroidia; o__Bacteroidales; f__Porphyromonadaceae; g__Parabacteroides; s__gordonii
524404	0	0	0	26	0	0	0	44	0	0	128	20	28	0	0	0	0	39	35	1	0	k__Bacteria; p__Firmicutes; c__Clostridia; o__Clostridiales; f__Lachnospiraceae; g__; s__
OTU680	0	0	0	0	0	0	0	0	0	0	7	0	1	0	0	0	0	0	0	1	0	Unclassified
191043	1	0	4	3	1	12	0	4	157	1184	78	2	8	26	3	9	22	16	0	265	10	k__Bacteria; p__Firmicutes; c__Clostridia; o__Clostridiales; f__; g__; s__
OTU764	0	0	0	4	0	0	0	0	0	0	0	5	0	0	0	0	0	0	0	0	0	Unclassified
527941	1	0	2	3	1	18	0	0	12	0	3	0	31512	0	0	0	8	1	16153	3	0	k__Bacteria; p__Bacteroidetes; c__Bacteroidia; o__Bacteroidales; f__Prevotellaceae; g__Prevotella; s__copri
365842	2276	955	823	566	0	4191	362	0	152	0	11712	872	6721	1	0	2578	1350	1	2209	7629	1	k__Bacteria; p__Firmicutes; c__Clostridia; o__Clostridiales; f__Ruminococcaceae; g__Faecalibacterium; s__prausnitzii
555945	0	18	1	0	9	452	58	0	2	0	6151	3	0	0	0	1	8	0	29	152	0	k__Bacteria; p__Firmicutes; c__Clostridia; o__Clostridiales; f__Clostridiaceae; g__SMB53; s__
184211	8	0	0	0	1	0	0	3	0	0	0	0	0	2	0	0	0	8	0	0	0	k__Bacteria; p__Firmicutes; c__Clostridia; o__Clostridiales; f__; g__; s__
641783	0	0	0	0	0	0	0	0	0	69	0	0	0	0	0	0	0	0	1	0	0	k__Bacteria; p__Firmicutes; c__Clostridia; o__Clostridiales; f__Ruminococcaceae; g__; s__
OTU785	1	1	0	0	0	0	0	0	0	0	0	0	0	0	0	0	0	0	0	0	0	Unclassified
OTU827	0	0	0	2	0	0	0	0	0	0	0	3	0	0	0	0	0	0	0	0	0	Unclassified
1115121	0	0	0	0	0	0	0	0	0	0	1	0	0	0	0	0	0	0	0	2	0	k__Bacteria; p__Bacteroidetes; c__Bacteroidia; o__Bacteroidales; f__S24-7; g__; s__
556240	0	0	0	0	0	15	0	1	0	0	0	0	0	0	0	19	0	1	0	0	0	k__Bacteria; p__Firmicutes; c__Clostridia; o__Clostridiales; f__Lachnospiraceae; g__Coprococcus; s__
OTU287	0	0	0	8	0	0	0	0	0	0	0	9	0	0	0	0	0	0	0	0	0	Unclassified
369822	0	11	0	0	2	6	5	0	0	0	0	2	0	0	0	0	0	0	65	0	0	k__Bacteria; p__Firmicutes; c__Clostridia; o__Clostridiales; f__; g__; s__
682726	6	0	0	1	0	204	0	0	814	3	107	0	0	1	1	6	7	15	0	21	11	k__Bacteria; p__Actinobacteria; c__Coriobacteriia; o__Coriobacteriales; f__Coriobacteriaceae; g__Eggerthella; s__lenta
362765	0	0	0	2	0	1	0	0	10	4	0	2	0	0	0	0	0	9	4	0	0	k__Bacteria; p__Firmicutes; c__Clostridia; o__Clostridiales; f__Ruminococcaceae; g__Ruminococcus; s__
530164	0	0	0	0	0	0	0	0	0	0	0	0	0	0	0	0	0	0	0	231	0	k__Bacteria; p__Bacteroidetes; c__Bacteroidia; o__Bacteroidales; f__Porphyromonadaceae; g__Porphyromonas; s__
359120	20	1	0	34	5	0	1	2	81	27	1235	24	47	16	0	0	0	15	0	5	0	k__Bacteria; p__Firmicutes; c__Clostridia; o__Clostridiales; f__Ruminococcaceae; g__Oscillospira; s__
528606	0	0	109	61	10	22	4	10	2	65	6	23	21	10	1	950	34	112	122	40	1	k__Bacteria; p__Firmicutes; c__Clostridia; o__Clostridiales; f__Lachnospiraceae; g__Blautia; s__obeum
OTU835	1	1	0	0	0	0	0	0	0	0	0	0	0	0	0	1	0	0	0	0	1	Unclassified
258148	7	3	0	0	0	0	1	6	0	0	0	0	0	0	0	0	0	9	0	0	0	k__Bacteria; p__Firmicutes; c__Clostridia; o__Clostridiales; f__Lachnospiraceae; g__; s__
360015	24	1	10	5	45	7339	8	0	471	2	657	94	5	24	2	107	246	46	4	6263	52	k__Bacteria; p__Firmicutes; c__Clostridia; o__Clostridiales; f__Lachnospiraceae; g__[Ruminococcus]; s__gnavus
